[{"query": 9, "format": "skyhook", "latency": 423.6450719833374}, {"query": 9, "format": "skyhook", "latency": 413.00072956085205}, {"query": 9, "format": "skyhook", "latency": 121.88106513023376}, {"query": 9, "format": "skyhook", "latency": 219.42597198486328}, {"query": 9, "format": "skyhook", "latency": 372.1206772327423}, {"query": 9, "format": "skyhook", "latency": 348.2852244377136}, {"query": 9, "format": "skyhook", "latency": 122.50483441352844}, {"query": 9, "format": "skyhook", "latency": 66.92336845397949}, {"query": 9, "format": "skyhook", "latency": 346.7540853023529}, {"query": 9, "format": "skyhook", "latency": 361.8919713497162}]