[{"query": 21, "format": "skyhook", "latency": 145.22694039344788}, {"query": 21, "format": "skyhook", "latency": 122.22284984588623}, {"query": 21, "format": "skyhook", "latency": 136.1305673122406}, {"query": 21, "format": "skyhook", "latency": 101.6482446193695}, {"query": 21, "format": "skyhook", "latency": 97.64265155792236}, {"query": 21, "format": "skyhook", "latency": 107.10148525238037}, {"query": 21, "format": "skyhook", "latency": 91.04818034172058}, {"query": 21, "format": "skyhook", "latency": 113.43796157836914}, {"query": 21, "format": "skyhook", "latency": 96.84171843528748}, {"query": 21, "format": "skyhook", "latency": 110.45702505111694}]