[{"query": 20, "format": "parquet", "latency": 36.35496497154236}, {"query": 20, "format": "parquet", "latency": 34.508848428726196}, {"query": 20, "format": "parquet", "latency": 34.368730545043945}, {"query": 20, "format": "parquet", "latency": 34.90471816062927}, {"query": 20, "format": "parquet", "latency": 34.462435722351074}, {"query": 20, "format": "parquet", "latency": 34.53410816192627}, {"query": 20, "format": "parquet", "latency": 34.272082805633545}, {"query": 20, "format": "parquet", "latency": 34.07958745956421}, {"query": 20, "format": "parquet", "latency": 34.1581244468689}, {"query": 20, "format": "parquet", "latency": 34.647895097732544}]