[{"query": 3, "format": "parquet", "latency": 37.42098021507263}, {"query": 3, "format": "parquet", "latency": 37.86187791824341}, {"query": 3, "format": "parquet", "latency": 35.11655044555664}, {"query": 3, "format": "parquet", "latency": 35.847970962524414}, {"query": 3, "format": "parquet", "latency": 35.247660398483276}, {"query": 3, "format": "parquet", "latency": 36.01433801651001}, {"query": 3, "format": "parquet", "latency": 34.93856477737427}, {"query": 3, "format": "parquet", "latency": 34.98260450363159}, {"query": 3, "format": "parquet", "latency": 36.7291157245636}, {"query": 3, "format": "parquet", "latency": 37.51285171508789}]