[{"query": 6, "format": "skyhook", "latency": 17.43438196182251}, {"query": 6, "format": "skyhook", "latency": 16.984092473983765}, {"query": 6, "format": "skyhook", "latency": 17.249454736709595}, {"query": 6, "format": "skyhook", "latency": 17.100838661193848}, {"query": 6, "format": "skyhook", "latency": 17.007145166397095}, {"query": 6, "format": "skyhook", "latency": 17.0029616355896}, {"query": 6, "format": "skyhook", "latency": 17.06521701812744}, {"query": 6, "format": "skyhook", "latency": 17.020655870437622}, {"query": 6, "format": "skyhook", "latency": 17.000885009765625}, {"query": 6, "format": "skyhook", "latency": 17.047384023666382}]