[{"query": 17, "format": "skyhook", "latency": 62.7900185585022}, {"query": 17, "format": "skyhook", "latency": 35.29003429412842}, {"query": 17, "format": "skyhook", "latency": 53.284010887145996}, {"query": 17, "format": "skyhook", "latency": 97.82350254058838}, {"query": 17, "format": "skyhook", "latency": 59.83548450469971}, {"query": 17, "format": "skyhook", "latency": 58.75019145011902}, {"query": 17, "format": "skyhook", "latency": 113.26271295547485}, {"query": 17, "format": "skyhook", "latency": 54.30278491973877}, {"query": 17, "format": "skyhook", "latency": 52.679840326309204}, {"query": 17, "format": "skyhook", "latency": 90.39900493621826}]