[{"query": 2, "format": "parquet", "latency": 7.5055553913116455}, {"query": 2, "format": "parquet", "latency": 6.449797630310059}, {"query": 2, "format": "parquet", "latency": 6.0588836669921875}, {"query": 2, "format": "parquet", "latency": 5.9606029987335205}, {"query": 2, "format": "parquet", "latency": 6.115951061248779}, {"query": 2, "format": "parquet", "latency": 6.024090766906738}, {"query": 2, "format": "parquet", "latency": 5.984639644622803}, {"query": 2, "format": "parquet", "latency": 5.9542295932769775}, {"query": 2, "format": "parquet", "latency": 6.1770501136779785}, {"query": 2, "format": "parquet", "latency": 6.004349231719971}]