[{"query": 11, "format": "parquet", "latency": 5.874750375747681}, {"query": 11, "format": "parquet", "latency": 5.5260398387908936}, {"query": 11, "format": "parquet", "latency": 5.378634691238403}, {"query": 11, "format": "parquet", "latency": 5.094698905944824}, {"query": 11, "format": "parquet", "latency": 5.3238489627838135}, {"query": 11, "format": "parquet", "latency": 5.1441428661346436}, {"query": 11, "format": "parquet", "latency": 5.088541030883789}, {"query": 11, "format": "parquet", "latency": 5.021152019500732}, {"query": 11, "format": "parquet", "latency": 5.293806076049805}, {"query": 11, "format": "parquet", "latency": 5.164271593093872}]