[{"query": 18, "format": "parquet", "latency": 45.83116674423218}, {"query": 18, "format": "parquet", "latency": 31.65739893913269}, {"query": 18, "format": "parquet", "latency": 34.85385084152222}, {"query": 18, "format": "parquet", "latency": 28.097365856170654}, {"query": 18, "format": "parquet", "latency": 28.966328859329224}, {"query": 18, "format": "parquet", "latency": 29.893688440322876}, {"query": 18, "format": "parquet", "latency": 29.365676164627075}, {"query": 18, "format": "parquet", "latency": 31.8267502784729}, {"query": 18, "format": "parquet", "latency": 28.886929035186768}, {"query": 18, "format": "parquet", "latency": 27.89414954185486}]