[{"query": 20, "format": "skyhook", "latency": 35.331398725509644}, {"query": 20, "format": "skyhook", "latency": 28.093238830566406}, {"query": 20, "format": "skyhook", "latency": 31.84674835205078}, {"query": 20, "format": "skyhook", "latency": 35.191614866256714}, {"query": 20, "format": "skyhook", "latency": 34.897106647491455}, {"query": 20, "format": "skyhook", "latency": 34.75958752632141}, {"query": 20, "format": "skyhook", "latency": 33.92686104774475}, {"query": 20, "format": "skyhook", "latency": 31.182251453399658}, {"query": 20, "format": "skyhook", "latency": 34.78193259239197}, {"query": 20, "format": "skyhook", "latency": 31.706934928894043}]