[{"query": 13, "format": "parquet", "latency": 29.9211368560791}, {"query": 13, "format": "parquet", "latency": 24.064692974090576}, {"query": 13, "format": "parquet", "latency": 34.29907774925232}, {"query": 13, "format": "parquet", "latency": 33.977696657180786}, {"query": 13, "format": "parquet", "latency": 25.654141664505005}, {"query": 13, "format": "parquet", "latency": 32.42181134223938}, {"query": 13, "format": "parquet", "latency": 23.677900791168213}, {"query": 13, "format": "parquet", "latency": 24.04289221763611}, {"query": 13, "format": "parquet", "latency": 23.035537719726562}, {"query": 13, "format": "parquet", "latency": 25.088808298110962}]