[{"query": 6, "format": "parquet", "latency": 18.320403814315796}, {"query": 6, "format": "parquet", "latency": 17.879740715026855}, {"query": 6, "format": "parquet", "latency": 17.675264835357666}, {"query": 6, "format": "parquet", "latency": 17.818196058273315}, {"query": 6, "format": "parquet", "latency": 17.610682249069214}, {"query": 6, "format": "parquet", "latency": 17.79769229888916}, {"query": 6, "format": "parquet", "latency": 17.70877981185913}, {"query": 6, "format": "parquet", "latency": 17.713231325149536}, {"query": 6, "format": "parquet", "latency": 17.641515970230103}, {"query": 6, "format": "parquet", "latency": 17.70192241668701}]