[{"query": 11, "format": "skyhook", "latency": 19.911961555480957}, {"query": 11, "format": "skyhook", "latency": 21.57454514503479}, {"query": 11, "format": "skyhook", "latency": 18.25534415245056}, {"query": 11, "format": "skyhook", "latency": 13.748968124389648}, {"query": 11, "format": "skyhook", "latency": 16.151936054229736}, {"query": 11, "format": "skyhook", "latency": 14.222270011901855}, {"query": 11, "format": "skyhook", "latency": 13.878646850585938}, {"query": 11, "format": "skyhook", "latency": 12.7036714553833}, {"query": 11, "format": "skyhook", "latency": 16.22732973098755}, {"query": 11, "format": "skyhook", "latency": 13.315584421157837}]