[{"query": 14, "format": "skyhook", "latency": 22.710262060165405}, {"query": 14, "format": "skyhook", "latency": 21.64124083518982}, {"query": 14, "format": "skyhook", "latency": 22.29183077812195}, {"query": 14, "format": "skyhook", "latency": 21.409301042556763}, {"query": 14, "format": "skyhook", "latency": 22.25649905204773}, {"query": 14, "format": "skyhook", "latency": 22.208409309387207}, {"query": 14, "format": "skyhook", "latency": 21.369163513183594}, {"query": 14, "format": "skyhook", "latency": 22.540186643600464}, {"query": 14, "format": "skyhook", "latency": 22.087019681930542}, {"query": 14, "format": "skyhook", "latency": 21.528311014175415}]