[{"query": 7, "format": "parquet", "latency": 81.39508318901062}, {"query": 7, "format": "parquet", "latency": 56.84208273887634}, {"query": 7, "format": "parquet", "latency": 59.41041159629822}, {"query": 7, "format": "parquet", "latency": 60.94209408760071}, {"query": 7, "format": "parquet", "latency": 58.453601360321045}, {"query": 7, "format": "parquet", "latency": 58.45792841911316}, {"query": 7, "format": "parquet", "latency": 55.67777347564697}, {"query": 7, "format": "parquet", "latency": 56.80156421661377}, {"query": 7, "format": "parquet", "latency": 58.752408504486084}, {"query": 7, "format": "parquet", "latency": 55.638699531555176}]