[{"query": 7, "format": "skyhook", "latency": 146.24875712394714}, {"query": 7, "format": "skyhook", "latency": 111.03987336158752}, {"query": 7, "format": "skyhook", "latency": 123.98441576957703}, {"query": 7, "format": "skyhook", "latency": 82.5598635673523}, {"query": 7, "format": "skyhook", "latency": 147.0813524723053}, {"query": 7, "format": "skyhook", "latency": 129.22381973266602}, {"query": 7, "format": "skyhook", "latency": 76.77583074569702}, {"query": 7, "format": "skyhook", "latency": 132.576025724411}, {"query": 7, "format": "skyhook", "latency": 46.994603395462036}, {"query": 7, "format": "skyhook", "latency": 40.61756229400635}]