[{"query": 15, "format": "skyhook", "latency": 40.666847705841064}, {"query": 15, "format": "skyhook", "latency": 40.685460329055786}, {"query": 15, "format": "skyhook", "latency": 40.32369685173035}, {"query": 15, "format": "skyhook", "latency": 40.45885682106018}, {"query": 15, "format": "skyhook", "latency": 22.320820093154907}, {"query": 15, "format": "skyhook", "latency": 40.57882118225098}, {"query": 15, "format": "skyhook", "latency": 22.67677617073059}, {"query": 15, "format": "skyhook", "latency": 40.75574064254761}, {"query": 15, "format": "skyhook", "latency": 22.71979808807373}, {"query": 15, "format": "skyhook", "latency": 22.719537496566772}]