[{"query": 5, "format": "parquet", "latency": 34.942848443984985}, {"query": 5, "format": "parquet", "latency": 133.0085175037384}, {"query": 5, "format": "parquet", "latency": 33.82568383216858}, {"query": 5, "format": "parquet", "latency": 34.346458196640015}, {"query": 5, "format": "parquet", "latency": 34.16915535926819}, {"query": 5, "format": "parquet", "latency": 33.96565842628479}, {"query": 5, "format": "parquet", "latency": 33.943270206451416}, {"query": 5, "format": "parquet", "latency": 34.025015115737915}, {"query": 5, "format": "parquet", "latency": 34.05406093597412}, {"query": 5, "format": "parquet", "latency": 33.86490774154663}]