[{"query": 4, "format": "parquet", "latency": 46.06302833557129}, {"query": 4, "format": "parquet", "latency": 36.686901330947876}, {"query": 4, "format": "parquet", "latency": 40.072394609451294}, {"query": 4, "format": "parquet", "latency": 38.17700409889221}, {"query": 4, "format": "parquet", "latency": 34.04067587852478}, {"query": 4, "format": "parquet", "latency": 36.859763622283936}, {"query": 4, "format": "parquet", "latency": 44.559449434280396}, {"query": 4, "format": "parquet", "latency": 37.068806886672974}, {"query": 4, "format": "parquet", "latency": 33.61890935897827}, {"query": 4, "format": "parquet", "latency": 36.24121952056885}]