[{"query": 21, "format": "parquet", "latency": 128.15788078308105}, {"query": 21, "format": "parquet", "latency": 78.44993948936462}, {"query": 21, "format": "parquet", "latency": 103.1364266872406}, {"query": 21, "format": "parquet", "latency": 76.4546070098877}, {"query": 21, "format": "parquet", "latency": 113.67767286300659}, {"query": 21, "format": "parquet", "latency": 102.23558855056763}, {"query": 21, "format": "parquet", "latency": 97.89587092399597}, {"query": 21, "format": "parquet", "latency": 83.976389169693}, {"query": 21, "format": "parquet", "latency": 98.39428544044495}, {"query": 21, "format": "parquet", "latency": 78.91807174682617}]