[{"query": 18, "format": "skyhook", "latency": 148.37185192108154}, {"query": 18, "format": "skyhook", "latency": 63.635333776474}, {"query": 18, "format": "skyhook", "latency": 76.69484639167786}, {"query": 18, "format": "skyhook", "latency": 91.01159882545471}, {"query": 18, "format": "skyhook", "latency": 100.14255356788635}, {"query": 18, "format": "skyhook", "latency": 45.78766345977783}, {"query": 18, "format": "skyhook", "latency": 158.34260296821594}, {"query": 18, "format": "skyhook", "latency": 56.88672161102295}, {"query": 18, "format": "skyhook", "latency": 86.95672845840454}, {"query": 18, "format": "skyhook", "latency": 78.75517201423645}]