[{"query": 1, "format": "parquet", "latency": 28.421313524246216}, {"query": 1, "format": "parquet", "latency": 27.945586681365967}, {"query": 1, "format": "parquet", "latency": 27.774104833602905}, {"query": 1, "format": "parquet", "latency": 28.064238786697388}, {"query": 1, "format": "parquet", "latency": 28.023993968963623}, {"query": 1, "format": "parquet", "latency": 28.00590181350708}, {"query": 1, "format": "parquet", "latency": 27.541730880737305}, {"query": 1, "format": "parquet", "latency": 27.85452890396118}, {"query": 1, "format": "parquet", "latency": 27.59255814552307}, {"query": 1, "format": "parquet", "latency": 27.696783542633057}]