[{"query": 22, "format": "parquet", "latency": 24.491496801376343}, {"query": 22, "format": "parquet", "latency": 16.172633171081543}, {"query": 22, "format": "parquet", "latency": 19.20940113067627}, {"query": 22, "format": "parquet", "latency": 16.70560073852539}, {"query": 22, "format": "parquet", "latency": 17.37326955795288}, {"query": 22, "format": "parquet", "latency": 16.79612159729004}, {"query": 22, "format": "parquet", "latency": 15.379103422164917}, {"query": 22, "format": "parquet", "latency": 16.665985822677612}, {"query": 22, "format": "parquet", "latency": 19.796661138534546}, {"query": 22, "format": "parquet", "latency": 20.45424747467041}]