[{"query": 16, "format": "parquet", "latency": 31.28703212738037}, {"query": 16, "format": "parquet", "latency": 29.30311369895935}, {"query": 16, "format": "parquet", "latency": 27.776229858398438}, {"query": 16, "format": "parquet", "latency": 27.69506049156189}, {"query": 16, "format": "parquet", "latency": 27.654361486434937}, {"query": 16, "format": "parquet", "latency": 27.829829454421997}, {"query": 16, "format": "parquet", "latency": 27.789066791534424}, {"query": 16, "format": "parquet", "latency": 27.771209239959717}, {"query": 16, "format": "parquet", "latency": 27.988059520721436}, {"query": 16, "format": "parquet", "latency": 27.48913884162903}]