[{"query": 3, "format": "skyhook", "latency": 70.9576735496521}, {"query": 3, "format": "skyhook", "latency": 38.39152193069458}, {"query": 3, "format": "skyhook", "latency": 38.689772605895996}, {"query": 3, "format": "skyhook", "latency": 49.6308753490448}, {"query": 3, "format": "skyhook", "latency": 70.58006834983826}, {"query": 3, "format": "skyhook", "latency": 41.774884939193726}, {"query": 3, "format": "skyhook", "latency": 51.33913254737854}, {"query": 3, "format": "skyhook", "latency": 39.82747507095337}, {"query": 3, "format": "skyhook", "latency": 70.421306848526}, {"query": 3, "format": "skyhook", "latency": 51.264859437942505}]