[{"query": 8, "format": "parquet", "latency": 41.423760175704956}, {"query": 8, "format": "parquet", "latency": 41.03619885444641}, {"query": 8, "format": "parquet", "latency": 41.236063957214355}, {"query": 8, "format": "parquet", "latency": 40.360700845718384}, {"query": 8, "format": "parquet", "latency": 39.73583197593689}, {"query": 8, "format": "parquet", "latency": 39.73434281349182}, {"query": 8, "format": "parquet", "latency": 40.81000208854675}, {"query": 8, "format": "parquet", "latency": 40.239075660705566}, {"query": 8, "format": "parquet", "latency": 40.72964835166931}, {"query": 8, "format": "parquet", "latency": 83.27949094772339}]