[{"query": 2, "format": "skyhook", "latency": 47.46955847740173}, {"query": 2, "format": "skyhook", "latency": 13.03268837928772}, {"query": 2, "format": "skyhook", "latency": 32.062129735946655}, {"query": 2, "format": "skyhook", "latency": 32.46508049964905}, {"query": 2, "format": "skyhook", "latency": 32.598005533218384}, {"query": 2, "format": "skyhook", "latency": 10.771703481674194}, {"query": 2, "format": "skyhook", "latency": 31.211849689483643}, {"query": 2, "format": "skyhook", "latency": 31.355831384658813}, {"query": 2, "format": "skyhook", "latency": 12.45668888092041}, {"query": 2, "format": "skyhook", "latency": 32.85809659957886}]