[{"query": 15, "format": "parquet", "latency": 35.525768518447876}, {"query": 15, "format": "parquet", "latency": 34.932992696762085}, {"query": 15, "format": "parquet", "latency": 34.74405765533447}, {"query": 15, "format": "parquet", "latency": 34.79580116271973}, {"query": 15, "format": "parquet", "latency": 34.58591079711914}, {"query": 15, "format": "parquet", "latency": 34.706767082214355}, {"query": 15, "format": "parquet", "latency": 34.50215005874634}, {"query": 15, "format": "parquet", "latency": 34.70860266685486}, {"query": 15, "format": "parquet", "latency": 34.41071081161499}, {"query": 15, "format": "parquet", "latency": 34.30359387397766}]