[{"query": 12, "format": "parquet", "latency": 47.81672024726868}, {"query": 12, "format": "parquet", "latency": 39.97966170310974}, {"query": 12, "format": "parquet", "latency": 38.95115375518799}, {"query": 12, "format": "parquet", "latency": 37.554335832595825}, {"query": 12, "format": "parquet", "latency": 36.87836241722107}, {"query": 12, "format": "parquet", "latency": 39.76118445396423}, {"query": 12, "format": "parquet", "latency": 44.079137325286865}, {"query": 12, "format": "parquet", "latency": 38.21350884437561}, {"query": 12, "format": "parquet", "latency": 37.6307315826416}, {"query": 12, "format": "parquet", "latency": 37.532737493515015}]