[{"query": 8, "format": "skyhook", "latency": 126.71623730659485}, {"query": 8, "format": "skyhook", "latency": 107.99963307380676}, {"query": 8, "format": "skyhook", "latency": 107.26389455795288}, {"query": 8, "format": "skyhook", "latency": 55.75399398803711}, {"query": 8, "format": "skyhook", "latency": 102.07173442840576}, {"query": 8, "format": "skyhook", "latency": 92.74954199790955}, {"query": 8, "format": "skyhook", "latency": 56.5452675819397}, {"query": 8, "format": "skyhook", "latency": 93.8087158203125}, {"query": 8, "format": "skyhook", "latency": 53.234914779663086}, {"query": 8, "format": "skyhook", "latency": 96.2260959148407}]