[{"query": 10, "format": "skyhook", "latency": 77.20682716369629}, {"query": 10, "format": "skyhook", "latency": 46.54141545295715}, {"query": 10, "format": "skyhook", "latency": 65.80931854248047}, {"query": 10, "format": "skyhook", "latency": 35.005510330200195}, {"query": 10, "format": "skyhook", "latency": 35.49246549606323}, {"query": 10, "format": "skyhook", "latency": 41.69124484062195}, {"query": 10, "format": "skyhook", "latency": 45.37279176712036}, {"query": 10, "format": "skyhook", "latency": 39.98100686073303}, {"query": 10, "format": "skyhook", "latency": 35.125622510910034}, {"query": 10, "format": "skyhook", "latency": 55.966097354888916}]