[{"query": 19, "format": "skyhook", "latency": 40.60877084732056}, {"query": 19, "format": "skyhook", "latency": 40.33048105239868}, {"query": 19, "format": "skyhook", "latency": 39.93396186828613}, {"query": 19, "format": "skyhook", "latency": 41.000497341156006}, {"query": 19, "format": "skyhook", "latency": 40.12566161155701}, {"query": 19, "format": "skyhook", "latency": 40.35969662666321}, {"query": 19, "format": "skyhook", "latency": 40.959025621414185}, {"query": 19, "format": "skyhook", "latency": 40.76539731025696}, {"query": 19, "format": "skyhook", "latency": 40.19756722450256}, {"query": 19, "format": "skyhook", "latency": 40.728803873062134}]