[{"query": 14, "format": "parquet", "latency": 29.911410331726074}, {"query": 14, "format": "parquet", "latency": 28.810606479644775}, {"query": 14, "format": "parquet", "latency": 28.47951579093933}, {"query": 14, "format": "parquet", "latency": 29.71459436416626}, {"query": 14, "format": "parquet", "latency": 28.707669019699097}, {"query": 14, "format": "parquet", "latency": 28.481486082077026}, {"query": 14, "format": "parquet", "latency": 28.40382742881775}, {"query": 14, "format": "parquet", "latency": 28.706342935562134}, {"query": 14, "format": "parquet", "latency": 28.944020748138428}, {"query": 14, "format": "parquet", "latency": 28.285886764526367}]