[{"query": 10, "format": "parquet", "latency": 36.7011353969574}, {"query": 10, "format": "parquet", "latency": 35.743807792663574}, {"query": 10, "format": "parquet", "latency": 35.31063485145569}, {"query": 10, "format": "parquet", "latency": 35.175976276397705}, {"query": 10, "format": "parquet", "latency": 34.86727452278137}, {"query": 10, "format": "parquet", "latency": 46.37853646278381}, {"query": 10, "format": "parquet", "latency": 35.38460969924927}, {"query": 10, "format": "parquet", "latency": 34.9550838470459}, {"query": 10, "format": "parquet", "latency": 44.34861350059509}, {"query": 10, "format": "parquet", "latency": 35.219510555267334}]