[{"query": 4, "format": "skyhook", "latency": 57.433855056762695}, {"query": 4, "format": "skyhook", "latency": 45.054044246673584}, {"query": 4, "format": "skyhook", "latency": 44.65712881088257}, {"query": 4, "format": "skyhook", "latency": 48.024949073791504}, {"query": 4, "format": "skyhook", "latency": 42.97529435157776}, {"query": 4, "format": "skyhook", "latency": 44.752042293548584}, {"query": 4, "format": "skyhook", "latency": 43.278753995895386}, {"query": 4, "format": "skyhook", "latency": 61.498048305511475}, {"query": 4, "format": "skyhook", "latency": 42.11192536354065}, {"query": 4, "format": "skyhook", "latency": 60.98736619949341}]