[{"query": 1, "format": "skyhook", "latency": 48.69320368766785}, {"query": 1, "format": "skyhook", "latency": 48.31501245498657}, {"query": 1, "format": "skyhook", "latency": 53.00818347930908}, {"query": 1, "format": "skyhook", "latency": 48.50998568534851}, {"query": 1, "format": "skyhook", "latency": 49.04378604888916}, {"query": 1, "format": "skyhook", "latency": 47.85363435745239}, {"query": 1, "format": "skyhook", "latency": 47.64306855201721}, {"query": 1, "format": "skyhook", "latency": 47.96363830566406}, {"query": 1, "format": "skyhook", "latency": 48.46833825111389}, {"query": 1, "format": "skyhook", "latency": 48.02335858345032}]