[{"query": 9, "format": "parquet", "latency": 65.25879096984863}, {"query": 9, "format": "parquet", "latency": 63.394736766815186}, {"query": 9, "format": "parquet", "latency": 70.51791095733643}, {"query": 9, "format": "parquet", "latency": 63.92925977706909}, {"query": 9, "format": "parquet", "latency": 60.902179479599}, {"query": 9, "format": "parquet", "latency": 65.73618769645691}, {"query": 9, "format": "parquet", "latency": 64.88980460166931}, {"query": 9, "format": "parquet", "latency": 64.64277815818787}, {"query": 9, "format": "parquet", "latency": 60.97418999671936}, {"query": 9, "format": "parquet", "latency": 62.44872450828552}]