[{"query": 12, "format": "skyhook", "latency": 29.36199426651001}, {"query": 12, "format": "skyhook", "latency": 29.205865621566772}, {"query": 12, "format": "skyhook", "latency": 29.659324169158936}, {"query": 12, "format": "skyhook", "latency": 29.209038734436035}, {"query": 12, "format": "skyhook", "latency": 48.44942831993103}, {"query": 12, "format": "skyhook", "latency": 39.042644739151}, {"query": 12, "format": "skyhook", "latency": 39.4573438167572}, {"query": 12, "format": "skyhook", "latency": 41.067139625549316}, {"query": 12, "format": "skyhook", "latency": 40.92440843582153}, {"query": 12, "format": "skyhook", "latency": 41.295092821121216}]