[{"query": 5, "format": "skyhook", "latency": 137.92691349983215}, {"query": 5, "format": "skyhook", "latency": 125.15520524978638}, {"query": 5, "format": "skyhook", "latency": 155.68579840660095}, {"query": 5, "format": "skyhook", "latency": 158.08445119857788}, {"query": 5, "format": "skyhook", "latency": 95.14352607727051}, {"query": 5, "format": "skyhook", "latency": 130.40550088882446}, {"query": 5, "format": "skyhook", "latency": 129.78637099266052}, {"query": 5, "format": "skyhook", "latency": 105.26905632019043}, {"query": 5, "format": "skyhook", "latency": 102.93129086494446}, {"query": 5, "format": "skyhook", "latency": 44.370044469833374}]