[{"query": 16, "format": "skyhook", "latency": 29.791374921798706}, {"query": 16, "format": "skyhook", "latency": 23.45301866531372}, {"query": 16, "format": "skyhook", "latency": 29.17094349861145}, {"query": 16, "format": "skyhook", "latency": 29.628709316253662}, {"query": 16, "format": "skyhook", "latency": 33.3157856464386}, {"query": 16, "format": "skyhook", "latency": 28.567070484161377}, {"query": 16, "format": "skyhook", "latency": 32.92703461647034}, {"query": 16, "format": "skyhook", "latency": 28.45934557914734}, {"query": 16, "format": "skyhook", "latency": 34.34711027145386}, {"query": 16, "format": "skyhook", "latency": 16.067718505859375}]