[{"query": 22, "format": "skyhook", "latency": 17.76047110557556}, {"query": 22, "format": "skyhook", "latency": 27.26883888244629}, {"query": 22, "format": "skyhook", "latency": 17.90052580833435}, {"query": 22, "format": "skyhook", "latency": 17.459242343902588}, {"query": 22, "format": "skyhook", "latency": 16.100991249084473}, {"query": 22, "format": "skyhook", "latency": 22.970863342285156}, {"query": 22, "format": "skyhook", "latency": 19.884573221206665}, {"query": 22, "format": "skyhook", "latency": 15.710090398788452}, {"query": 22, "format": "skyhook", "latency": 16.12118673324585}, {"query": 22, "format": "skyhook", "latency": 16.56976342201233}]