[{"query": 13, "format": "skyhook", "latency": 39.049272775650024}, {"query": 13, "format": "skyhook", "latency": 20.913106203079224}, {"query": 13, "format": "skyhook", "latency": 35.95252776145935}, {"query": 13, "format": "skyhook", "latency": 31.744806051254272}, {"query": 13, "format": "skyhook", "latency": 31.43500590324402}, {"query": 13, "format": "skyhook", "latency": 32.89626383781433}, {"query": 13, "format": "skyhook", "latency": 40.900012731552124}, {"query": 13, "format": "skyhook", "latency": 31.553119659423828}, {"query": 13, "format": "skyhook", "latency": 31.787930250167847}, {"query": 13, "format": "skyhook", "latency": 49.14687538146973}]