[{"query": 19, "format": "parquet", "latency": 42.32201027870178}, {"query": 19, "format": "parquet", "latency": 40.74975657463074}, {"query": 19, "format": "parquet", "latency": 41.15342402458191}, {"query": 19, "format": "parquet", "latency": 40.59676551818848}, {"query": 19, "format": "parquet", "latency": 41.11783480644226}, {"query": 19, "format": "parquet", "latency": 40.8431293964386}, {"query": 19, "format": "parquet", "latency": 40.69775128364563}, {"query": 19, "format": "parquet", "latency": 40.82809090614319}, {"query": 19, "format": "parquet", "latency": 40.886857986450195}, {"query": 19, "format": "parquet", "latency": 40.71978449821472}]