[{"query": 17, "format": "parquet", "latency": 39.00740718841553}, {"query": 17, "format": "parquet", "latency": 33.80748510360718}, {"query": 17, "format": "parquet", "latency": 33.25393581390381}, {"query": 17, "format": "parquet", "latency": 32.95784831047058}, {"query": 17, "format": "parquet", "latency": 34.1295690536499}, {"query": 17, "format": "parquet", "latency": 33.4285089969635}, {"query": 17, "format": "parquet", "latency": 33.38041591644287}, {"query": 17, "format": "parquet", "latency": 33.36972618103027}, {"query": 17, "format": "parquet", "latency": 33.906471967697144}, {"query": 17, "format": "parquet", "latency": 33.421172857284546}]