[{"query": 1, "format": "skyhook", "latency": 50.0050790309906}, {"query": 1, "format": "skyhook", "latency": 48.361066579818726}, {"query": 1, "format": "skyhook", "latency": 48.748849868774414}, {"query": 1, "format": "skyhook", "latency": 48.738550901412964}, {"query": 1, "format": "skyhook", "latency": 48.4098539352417}, {"query": 1, "format": "skyhook", "latency": 48.96498656272888}, {"query": 1, "format": "skyhook", "latency": 48.89932990074158}, {"query": 1, "format": "skyhook", "latency": 53.1152241230011}, {"query": 1, "format": "skyhook", "latency": 48.25855255126953}, {"query": 1, "format": "skyhook", "latency": 49.074604511260986}]