[{"query": 3, "format": "skyhook", "latency": 63.63056135177612}, {"query": 3, "format": "skyhook", "latency": 53.45496106147766}, {"query": 3, "format": "skyhook", "latency": 66.81080555915833}, {"query": 3, "format": "skyhook", "latency": 68.34208631515503}, {"query": 3, "format": "skyhook", "latency": 40.59540891647339}, {"query": 3, "format": "skyhook", "latency": 39.17722225189209}, {"query": 3, "format": "skyhook", "latency": 37.60107493400574}, {"query": 3, "format": "skyhook", "latency": 49.224435806274414}, {"query": 3, "format": "skyhook", "latency": 38.478604316711426}, {"query": 3, "format": "skyhook", "latency": 48.33925700187683}]