[{"query": 6, "format": "parquet", "latency": 18.275472164154053}, {"query": 6, "format": "parquet", "latency": 17.68790316581726}, {"query": 6, "format": "parquet", "latency": 17.547348022460938}, {"query": 6, "format": "parquet", "latency": 17.646796464920044}, {"query": 6, "format": "parquet", "latency": 17.705296277999878}, {"query": 6, "format": "parquet", "latency": 17.628520727157593}, {"query": 6, "format": "parquet", "latency": 17.45822811126709}, {"query": 6, "format": "parquet", "latency": 17.64342713356018}, {"query": 6, "format": "parquet", "latency": 17.471137523651123}, {"query": 6, "format": "parquet", "latency": 17.583924770355225}]