[{"query": 1, "format": "parquet", "latency": 28.6038818359375}, {"query": 1, "format": "parquet", "latency": 27.902585983276367}, {"query": 1, "format": "parquet", "latency": 27.79164171218872}, {"query": 1, "format": "parquet", "latency": 27.898179054260254}, {"query": 1, "format": "parquet", "latency": 27.898505210876465}, {"query": 1, "format": "parquet", "latency": 28.098867654800415}, {"query": 1, "format": "parquet", "latency": 28.19416379928589}, {"query": 1, "format": "parquet", "latency": 28.12376570701599}, {"query": 1, "format": "parquet", "latency": 27.731648921966553}, {"query": 1, "format": "parquet", "latency": 27.869206190109253}]