[{"query": 4, "format": "skyhook", "latency": 68.20989489555359}, {"query": 4, "format": "skyhook", "latency": 62.799177169799805}, {"query": 4, "format": "skyhook", "latency": 48.3281786441803}, {"query": 4, "format": "skyhook", "latency": 41.73393368721008}, {"query": 4, "format": "skyhook", "latency": 41.32317113876343}, {"query": 4, "format": "skyhook", "latency": 52.677692890167236}, {"query": 4, "format": "skyhook", "latency": 46.22816061973572}, {"query": 4, "format": "skyhook", "latency": 61.51951622962952}, {"query": 4, "format": "skyhook", "latency": 42.56058931350708}, {"query": 4, "format": "skyhook", "latency": 45.32547307014465}]