[{"query": 7, "format": "skyhook", "latency": 141.02738547325134}, {"query": 7, "format": "skyhook", "latency": 117.94232439994812}, {"query": 7, "format": "skyhook", "latency": 80.87822151184082}, {"query": 7, "format": "skyhook", "latency": 115.16911745071411}, {"query": 7, "format": "skyhook", "latency": 84.18150162696838}, {"query": 7, "format": "skyhook", "latency": 58.12611150741577}, {"query": 7, "format": "skyhook", "latency": 128.825439453125}, {"query": 7, "format": "skyhook", "latency": 78.5622193813324}, {"query": 7, "format": "skyhook", "latency": 137.272358417511}, {"query": 7, "format": "skyhook", "latency": 45.71190428733826}]