[{"query": 5, "format": "parquet", "latency": 35.018404960632324}, {"query": 5, "format": "parquet", "latency": 34.37439489364624}, {"query": 5, "format": "parquet", "latency": 35.04354929924011}, {"query": 5, "format": "parquet", "latency": 33.83069944381714}, {"query": 5, "format": "parquet", "latency": 34.553160190582275}, {"query": 5, "format": "parquet", "latency": 33.86429762840271}, {"query": 5, "format": "parquet", "latency": 33.96125364303589}, {"query": 5, "format": "parquet", "latency": 33.82842016220093}, {"query": 5, "format": "parquet", "latency": 34.2618613243103}, {"query": 5, "format": "parquet", "latency": 34.10530400276184}]