[{"query": 8, "format": "skyhook", "latency": 167.4242389202118}, {"query": 8, "format": "skyhook", "latency": 111.52696394920349}, {"query": 8, "format": "skyhook", "latency": 58.5502450466156}, {"query": 8, "format": "skyhook", "latency": 108.2903344631195}, {"query": 8, "format": "skyhook", "latency": 102.83929777145386}, {"query": 8, "format": "skyhook", "latency": 53.69849443435669}, {"query": 8, "format": "skyhook", "latency": 110.72601580619812}, {"query": 8, "format": "skyhook", "latency": 93.22056674957275}, {"query": 8, "format": "skyhook", "latency": 81.16136002540588}, {"query": 8, "format": "skyhook", "latency": 60.97570729255676}]