[{"query": 8, "format": "parquet", "latency": 43.10918164253235}, {"query": 8, "format": "parquet", "latency": 39.68330764770508}, {"query": 8, "format": "parquet", "latency": 39.77500009536743}, {"query": 8, "format": "parquet", "latency": 40.017516136169434}, {"query": 8, "format": "parquet", "latency": 40.300164461135864}, {"query": 8, "format": "parquet", "latency": 39.80629849433899}, {"query": 8, "format": "parquet", "latency": 40.194663763046265}, {"query": 8, "format": "parquet", "latency": 40.870805978775024}, {"query": 8, "format": "parquet", "latency": 40.466054916381836}, {"query": 8, "format": "parquet", "latency": 72.77999138832092}]