[{"query": 6, "format": "skyhook", "latency": 17.133286952972412}, {"query": 6, "format": "skyhook", "latency": 16.84888243675232}, {"query": 6, "format": "skyhook", "latency": 16.783684015274048}, {"query": 6, "format": "skyhook", "latency": 16.931917190551758}, {"query": 6, "format": "skyhook", "latency": 16.923884868621826}, {"query": 6, "format": "skyhook", "latency": 16.927038431167603}, {"query": 6, "format": "skyhook", "latency": 16.92359948158264}, {"query": 6, "format": "skyhook", "latency": 16.958959102630615}, {"query": 6, "format": "skyhook", "latency": 16.956302165985107}, {"query": 6, "format": "skyhook", "latency": 16.56258463859558}]