[{"query": 3, "format": "parquet", "latency": 41.872475385665894}, {"query": 3, "format": "parquet", "latency": 36.70905542373657}, {"query": 3, "format": "parquet", "latency": 34.17994832992554}, {"query": 3, "format": "parquet", "latency": 33.979978799819946}, {"query": 3, "format": "parquet", "latency": 33.780781984329224}, {"query": 3, "format": "parquet", "latency": 33.94220161437988}, {"query": 3, "format": "parquet", "latency": 33.92763686180115}, {"query": 3, "format": "parquet", "latency": 35.52562618255615}, {"query": 3, "format": "parquet", "latency": 34.4630606174469}, {"query": 3, "format": "parquet", "latency": 33.81472659111023}]