[{"query": 2, "format": "skyhook", "latency": 41.902825593948364}, {"query": 2, "format": "skyhook", "latency": 42.517210483551025}, {"query": 2, "format": "skyhook", "latency": 15.6881422996521}, {"query": 2, "format": "skyhook", "latency": 13.531766414642334}, {"query": 2, "format": "skyhook", "latency": 31.43303108215332}, {"query": 2, "format": "skyhook", "latency": 29.81426239013672}, {"query": 2, "format": "skyhook", "latency": 45.90147662162781}, {"query": 2, "format": "skyhook", "latency": 31.505571842193604}, {"query": 2, "format": "skyhook", "latency": 29.11884593963623}, {"query": 2, "format": "skyhook", "latency": 29.172966480255127}]