[{"query": 9, "format": "parquet", "latency": 65.26316094398499}, {"query": 9, "format": "parquet", "latency": 63.40254783630371}, {"query": 9, "format": "parquet", "latency": 61.91461730003357}, {"query": 9, "format": "parquet", "latency": 61.89683651924133}, {"query": 9, "format": "parquet", "latency": 64.89537167549133}, {"query": 9, "format": "parquet", "latency": 62.62303185462952}, {"query": 9, "format": "parquet", "latency": 60.872891426086426}, {"query": 9, "format": "parquet", "latency": 60.37060618400574}, {"query": 9, "format": "parquet", "latency": 60.84986329078674}, {"query": 9, "format": "parquet", "latency": 64.19842982292175}]