[{"query": 4, "format": "parquet", "latency": 50.35711717605591}, {"query": 4, "format": "parquet", "latency": 36.65183997154236}, {"query": 4, "format": "parquet", "latency": 37.42234015464783}, {"query": 4, "format": "parquet", "latency": 52.85880899429321}, {"query": 4, "format": "parquet", "latency": 37.21718406677246}, {"query": 4, "format": "parquet", "latency": 51.2516086101532}, {"query": 4, "format": "parquet", "latency": 34.806337118148804}, {"query": 4, "format": "parquet", "latency": 40.23940086364746}, {"query": 4, "format": "parquet", "latency": 37.994811058044434}, {"query": 4, "format": "parquet", "latency": 41.791656732559204}]