[{"query": 7, "format": "parquet", "latency": 84.60958743095398}, {"query": 7, "format": "parquet", "latency": 59.08076214790344}, {"query": 7, "format": "parquet", "latency": 57.15269660949707}, {"query": 7, "format": "parquet", "latency": 65.60031342506409}, {"query": 7, "format": "parquet", "latency": 55.91827321052551}, {"query": 7, "format": "parquet", "latency": 59.35531210899353}, {"query": 7, "format": "parquet", "latency": 62.1879940032959}, {"query": 7, "format": "parquet", "latency": 58.22380018234253}, {"query": 7, "format": "parquet", "latency": 55.61164879798889}, {"query": 7, "format": "parquet", "latency": 56.654584884643555}]