[{"query": 5, "format": "skyhook", "latency": 150.73183345794678}, {"query": 5, "format": "skyhook", "latency": 136.8154091835022}, {"query": 5, "format": "skyhook", "latency": 131.21532583236694}, {"query": 5, "format": "skyhook", "latency": 116.7464292049408}, {"query": 5, "format": "skyhook", "latency": 103.35153460502625}, {"query": 5, "format": "skyhook", "latency": 102.93578672409058}, {"query": 5, "format": "skyhook", "latency": 44.339144706726074}, {"query": 5, "format": "skyhook", "latency": 137.42421674728394}, {"query": 5, "format": "skyhook", "latency": 98.72275257110596}, {"query": 5, "format": "skyhook", "latency": 105.34442186355591}]