[{"query": 2, "format": "parquet", "latency": 7.628062725067139}, {"query": 2, "format": "parquet", "latency": 6.569952011108398}, {"query": 2, "format": "parquet", "latency": 6.5186240673065186}, {"query": 2, "format": "parquet", "latency": 6.365447759628296}, {"query": 2, "format": "parquet", "latency": 6.368348836898804}, {"query": 2, "format": "parquet", "latency": 6.3452160358428955}, {"query": 2, "format": "parquet", "latency": 6.14164662361145}, {"query": 2, "format": "parquet", "latency": 6.301835775375366}, {"query": 2, "format": "parquet", "latency": 6.279119253158569}, {"query": 2, "format": "parquet", "latency": 6.344516038894653}]