[{"query": 4, "format": "skyhook", "latency": 9.611745595932007}, {"query": 4, "format": "skyhook", "latency": 9.562778234481812}, {"query": 4, "format": "skyhook", "latency": 9.515074491500854}, {"query": 4, "format": "skyhook", "latency": 9.555320739746094}, {"query": 4, "format": "skyhook", "latency": 9.411600112915039}, {"query": 4, "format": "skyhook", "latency": 9.400277137756348}, {"query": 4, "format": "skyhook", "latency": 9.666808605194092}, {"query": 4, "format": "skyhook", "latency": 9.509799003601074}, {"query": 4, "format": "skyhook", "latency": 9.353055000305176}, {"query": 4, "format": "skyhook", "latency": 9.400273084640503}]