[{"query": 3, "format": "parquet", "latency": 9.413235902786255}, {"query": 3, "format": "parquet", "latency": 8.919815063476562}, {"query": 3, "format": "parquet", "latency": 9.158481359481812}, {"query": 3, "format": "parquet", "latency": 9.064297199249268}, {"query": 3, "format": "parquet", "latency": 9.028709173202515}, {"query": 3, "format": "parquet", "latency": 8.97039270401001}, {"query": 3, "format": "parquet", "latency": 8.971191883087158}, {"query": 3, "format": "parquet", "latency": 9.135054111480713}, {"query": 3, "format": "parquet", "latency": 8.988267660140991}, {"query": 3, "format": "parquet", "latency": 8.889841318130493}]