[{"query": 6, "format": "parquet", "latency": 3.507352352142334}, {"query": 6, "format": "parquet", "latency": 3.597555637359619}, {"query": 6, "format": "parquet", "latency": 3.5194013118743896}, {"query": 6, "format": "parquet", "latency": 3.507016897201538}, {"query": 6, "format": "parquet", "latency": 3.5354106426239014}, {"query": 6, "format": "parquet", "latency": 3.5557751655578613}, {"query": 6, "format": "parquet", "latency": 3.5307085514068604}, {"query": 6, "format": "parquet", "latency": 3.574436902999878}, {"query": 6, "format": "parquet", "latency": 3.4327406883239746}, {"query": 6, "format": "parquet", "latency": 3.5532140731811523}]