[{"query": 15, "format": "skyhook", "latency": 7.903520345687866}, {"query": 15, "format": "skyhook", "latency": 7.759458303451538}, {"query": 15, "format": "skyhook", "latency": 8.188481569290161}, {"query": 15, "format": "skyhook", "latency": 7.702357769012451}, {"query": 15, "format": "skyhook", "latency": 7.853262424468994}, {"query": 15, "format": "skyhook", "latency": 7.903431415557861}, {"query": 15, "format": "skyhook", "latency": 7.7415452003479}, {"query": 15, "format": "skyhook", "latency": 7.770021438598633}, {"query": 15, "format": "skyhook", "latency": 7.879976987838745}, {"query": 15, "format": "skyhook", "latency": 7.70038366317749}]