[{"query": 19, "format": "skyhook", "latency": 11.75294017791748}, {"query": 19, "format": "skyhook", "latency": 11.599318265914917}, {"query": 19, "format": "skyhook", "latency": 11.609211683273315}, {"query": 19, "format": "skyhook", "latency": 11.738439559936523}, {"query": 19, "format": "skyhook", "latency": 11.223955869674683}, {"query": 19, "format": "skyhook", "latency": 11.935077667236328}, {"query": 19, "format": "skyhook", "latency": 12.252159595489502}, {"query": 19, "format": "skyhook", "latency": 11.588565826416016}, {"query": 19, "format": "skyhook", "latency": 11.788994550704956}, {"query": 19, "format": "skyhook", "latency": 11.626097917556763}]