[{"query": 6, "format": "skyhook", "latency": 3.370091676712036}, {"query": 6, "format": "skyhook", "latency": 3.433168411254883}, {"query": 6, "format": "skyhook", "latency": 3.4159250259399414}, {"query": 6, "format": "skyhook", "latency": 3.446953773498535}, {"query": 6, "format": "skyhook", "latency": 3.3594987392425537}, {"query": 6, "format": "skyhook", "latency": 3.7432239055633545}, {"query": 6, "format": "skyhook", "latency": 3.444697618484497}, {"query": 6, "format": "skyhook", "latency": 3.5647764205932617}, {"query": 6, "format": "skyhook", "latency": 3.435546875}, {"query": 6, "format": "skyhook", "latency": 3.577974557876587}]