[{"query": 5, "format": "parquet", "latency": 13.087713241577148}, {"query": 5, "format": "parquet", "latency": 13.49912714958191}, {"query": 5, "format": "parquet", "latency": 13.946252346038818}, {"query": 5, "format": "parquet", "latency": 13.222300291061401}, {"query": 5, "format": "parquet", "latency": 13.832006216049194}, {"query": 5, "format": "parquet", "latency": 13.1356360912323}, {"query": 5, "format": "parquet", "latency": 13.075281381607056}, {"query": 5, "format": "parquet", "latency": 13.224449872970581}, {"query": 5, "format": "parquet", "latency": 13.159403562545776}, {"query": 5, "format": "parquet", "latency": 13.395397186279297}]