[{"query": 20, "format": "parquet", "latency": 8.869007110595703}, {"query": 20, "format": "parquet", "latency": 8.584709167480469}, {"query": 20, "format": "parquet", "latency": 8.626391410827637}, {"query": 20, "format": "parquet", "latency": 8.750022172927856}, {"query": 20, "format": "parquet", "latency": 8.482290267944336}, {"query": 20, "format": "parquet", "latency": 8.433085441589355}, {"query": 20, "format": "parquet", "latency": 8.518679857254028}, {"query": 20, "format": "parquet", "latency": 8.480318307876587}, {"query": 20, "format": "parquet", "latency": 8.380367994308472}, {"query": 20, "format": "parquet", "latency": 8.404213666915894}]