[{"query": 19, "format": "parquet", "latency": 10.98553729057312}, {"query": 19, "format": "parquet", "latency": 11.17592740058899}, {"query": 19, "format": "parquet", "latency": 11.384479522705078}, {"query": 19, "format": "parquet", "latency": 11.221861362457275}, {"query": 19, "format": "parquet", "latency": 11.110203266143799}, {"query": 19, "format": "parquet", "latency": 11.054835081100464}, {"query": 19, "format": "parquet", "latency": 10.971616744995117}, {"query": 19, "format": "parquet", "latency": 11.015316486358643}, {"query": 19, "format": "parquet", "latency": 10.965036869049072}, {"query": 19, "format": "parquet", "latency": 11.076025009155273}]