[{"query": 14, "format": "skyhook", "latency": 4.7206034660339355}, {"query": 14, "format": "skyhook", "latency": 4.582069635391235}, {"query": 14, "format": "skyhook", "latency": 4.376440763473511}, {"query": 14, "format": "skyhook", "latency": 4.314187526702881}, {"query": 14, "format": "skyhook", "latency": 4.334153413772583}, {"query": 14, "format": "skyhook", "latency": 4.448008060455322}, {"query": 14, "format": "skyhook", "latency": 4.4394378662109375}, {"query": 14, "format": "skyhook", "latency": 4.426774501800537}, {"query": 14, "format": "skyhook", "latency": 4.426312446594238}, {"query": 14, "format": "skyhook", "latency": 4.290785789489746}]