[{"query": 8, "format": "skyhook", "latency": 19.633322954177856}, {"query": 8, "format": "skyhook", "latency": 19.185482263565063}, {"query": 8, "format": "skyhook", "latency": 19.36083984375}, {"query": 8, "format": "skyhook", "latency": 17.424988746643066}, {"query": 8, "format": "skyhook", "latency": 18.556496143341064}, {"query": 8, "format": "skyhook", "latency": 14.106634855270386}, {"query": 8, "format": "skyhook", "latency": 17.906694173812866}, {"query": 8, "format": "skyhook", "latency": 18.677667379379272}, {"query": 8, "format": "skyhook", "latency": 19.246052980422974}, {"query": 8, "format": "skyhook", "latency": 14.034728050231934}]