[{"query": 11, "format": "parquet", "latency": 2.266939163208008}, {"query": 11, "format": "parquet", "latency": 2.3968288898468018}, {"query": 11, "format": "parquet", "latency": 2.2789947986602783}, {"query": 11, "format": "parquet", "latency": 2.602084159851074}, {"query": 11, "format": "parquet", "latency": 2.374385356903076}, {"query": 11, "format": "parquet", "latency": 2.2204830646514893}, {"query": 11, "format": "parquet", "latency": 2.3971428871154785}, {"query": 11, "format": "parquet", "latency": 2.420610189437866}, {"query": 11, "format": "parquet", "latency": 2.3294777870178223}, {"query": 11, "format": "parquet", "latency": 2.3705713748931885}]