[{"query": 4, "format": "parquet", "latency": 9.744611263275146}, {"query": 4, "format": "parquet", "latency": 8.999576330184937}, {"query": 4, "format": "parquet", "latency": 8.78281307220459}, {"query": 4, "format": "parquet", "latency": 8.924924612045288}, {"query": 4, "format": "parquet", "latency": 9.086504220962524}, {"query": 4, "format": "parquet", "latency": 9.040021181106567}, {"query": 4, "format": "parquet", "latency": 8.874698638916016}, {"query": 4, "format": "parquet", "latency": 8.960946321487427}, {"query": 4, "format": "parquet", "latency": 9.081207036972046}, {"query": 4, "format": "parquet", "latency": 8.935453653335571}]