[{"query": 9, "format": "parquet", "latency": 120.43153882026672}, {"query": 9, "format": "parquet", "latency": 125.9815182685852}, {"query": 9, "format": "parquet", "latency": 125.92986178398132}, {"query": 9, "format": "parquet", "latency": 126.63613963127136}, {"query": 9, "format": "parquet", "latency": 125.78438830375671}, {"query": 9, "format": "parquet", "latency": 125.47754144668579}, {"query": 9, "format": "parquet", "latency": 125.91697931289673}, {"query": 9, "format": "parquet", "latency": 126.60394096374512}, {"query": 9, "format": "parquet", "latency": 120.84602618217468}, {"query": 9, "format": "parquet", "latency": 125.82619881629944}]