[{"query": 10, "format": "skyhook", "latency": 13.906991481781006}, {"query": 10, "format": "skyhook", "latency": 11.613175868988037}, {"query": 10, "format": "skyhook", "latency": 12.246145248413086}, {"query": 10, "format": "skyhook", "latency": 10.47068452835083}, {"query": 10, "format": "skyhook", "latency": 11.4374840259552}, {"query": 10, "format": "skyhook", "latency": 12.283206939697266}, {"query": 10, "format": "skyhook", "latency": 12.338086366653442}, {"query": 10, "format": "skyhook", "latency": 12.226078271865845}, {"query": 10, "format": "skyhook", "latency": 11.841485500335693}, {"query": 10, "format": "skyhook", "latency": 14.101463556289673}]