[{"query": 10, "format": "parquet", "latency": 10.942235231399536}, {"query": 10, "format": "parquet", "latency": 10.379055738449097}, {"query": 10, "format": "parquet", "latency": 10.402602195739746}, {"query": 10, "format": "parquet", "latency": 10.08810567855835}, {"query": 10, "format": "parquet", "latency": 10.156065225601196}, {"query": 10, "format": "parquet", "latency": 10.3170006275177}, {"query": 10, "format": "parquet", "latency": 11.437150716781616}, {"query": 10, "format": "parquet", "latency": 10.315722227096558}, {"query": 10, "format": "parquet", "latency": 12.221563577651978}, {"query": 10, "format": "parquet", "latency": 10.432662725448608}]