[{"query": 9, "format": "skyhook", "latency": 99.45392155647278}, {"query": 9, "format": "skyhook", "latency": 124.47306513786316}, {"query": 9, "format": "skyhook", "latency": 115.73312163352966}, {"query": 9, "format": "skyhook", "latency": 93.33934807777405}, {"query": 9, "format": "skyhook", "latency": 78.46147632598877}, {"query": 9, "format": "skyhook", "latency": 145.75122380256653}, {"query": 9, "format": "skyhook", "latency": 146.27331924438477}, {"query": 9, "format": "skyhook", "latency": 125.24556565284729}, {"query": 9, "format": "skyhook", "latency": 145.85355806350708}, {"query": 9, "format": "skyhook", "latency": 88.64413714408875}]