[{"query": 2, "format": "skyhook", "latency": 5.824396848678589}, {"query": 2, "format": "skyhook", "latency": 7.14326024055481}, {"query": 2, "format": "skyhook", "latency": 6.482381820678711}, {"query": 2, "format": "skyhook", "latency": 13.373868942260742}, {"query": 2, "format": "skyhook", "latency": 5.761759281158447}, {"query": 2, "format": "skyhook", "latency": 12.187867403030396}, {"query": 2, "format": "skyhook", "latency": 13.210821866989136}, {"query": 2, "format": "skyhook", "latency": 5.560239553451538}, {"query": 2, "format": "skyhook", "latency": 11.608745098114014}, {"query": 2, "format": "skyhook", "latency": 11.095913171768188}]