[{"query": 5, "format": "skyhook", "latency": 22.371471881866455}, {"query": 5, "format": "skyhook", "latency": 11.016805648803711}, {"query": 5, "format": "skyhook", "latency": 11.332679033279419}, {"query": 5, "format": "skyhook", "latency": 20.41052556037903}, {"query": 5, "format": "skyhook", "latency": 21.490590810775757}, {"query": 5, "format": "skyhook", "latency": 21.70852828025818}, {"query": 5, "format": "skyhook", "latency": 20.31944727897644}, {"query": 5, "format": "skyhook", "latency": 21.866320848464966}, {"query": 5, "format": "skyhook", "latency": 21.752284049987793}, {"query": 5, "format": "skyhook", "latency": 20.520905017852783}]