[{"query": 22, "format": "skyhook", "latency": 5.3152971267700195}, {"query": 22, "format": "skyhook", "latency": 4.994738817214966}, {"query": 22, "format": "skyhook", "latency": 4.997514247894287}, {"query": 22, "format": "skyhook", "latency": 5.094468832015991}, {"query": 22, "format": "skyhook", "latency": 5.146501779556274}, {"query": 22, "format": "skyhook", "latency": 4.893526077270508}, {"query": 22, "format": "skyhook", "latency": 4.846126317977905}, {"query": 22, "format": "skyhook", "latency": 4.7681944370269775}, {"query": 22, "format": "skyhook", "latency": 5.054298400878906}, {"query": 22, "format": "skyhook", "latency": 4.901885032653809}]