[{"query": 3, "format": "skyhook", "latency": 11.053269624710083}, {"query": 3, "format": "skyhook", "latency": 10.36750078201294}, {"query": 3, "format": "skyhook", "latency": 9.127575397491455}, {"query": 3, "format": "skyhook", "latency": 9.134370565414429}, {"query": 3, "format": "skyhook", "latency": 10.648471593856812}, {"query": 3, "format": "skyhook", "latency": 8.992111206054688}, {"query": 3, "format": "skyhook", "latency": 9.483124494552612}, {"query": 3, "format": "skyhook", "latency": 9.193695068359375}, {"query": 3, "format": "skyhook", "latency": 9.31493616104126}, {"query": 3, "format": "skyhook", "latency": 10.542672634124756}]