[{"query": 15, "format": "parquet", "latency": 7.176155090332031}, {"query": 15, "format": "parquet", "latency": 7.2567150592803955}, {"query": 15, "format": "parquet", "latency": 7.311274766921997}, {"query": 15, "format": "parquet", "latency": 7.463047504425049}, {"query": 15, "format": "parquet", "latency": 7.188584566116333}, {"query": 15, "format": "parquet", "latency": 7.119200944900513}, {"query": 15, "format": "parquet", "latency": 7.257865905761719}, {"query": 15, "format": "parquet", "latency": 7.2871253490448}, {"query": 15, "format": "parquet", "latency": 7.190880060195923}, {"query": 15, "format": "parquet", "latency": 7.231799364089966}]