[{"query": 1, "format": "skyhook", "latency": 16.739723920822144}, {"query": 1, "format": "skyhook", "latency": 16.58001685142517}, {"query": 1, "format": "skyhook", "latency": 16.496265172958374}, {"query": 1, "format": "skyhook", "latency": 16.678611755371094}, {"query": 1, "format": "skyhook", "latency": 16.805447578430176}, {"query": 1, "format": "skyhook", "latency": 16.435023069381714}, {"query": 1, "format": "skyhook", "latency": 16.513020992279053}, {"query": 1, "format": "skyhook", "latency": 17.24951982498169}, {"query": 1, "format": "skyhook", "latency": 16.883200645446777}, {"query": 1, "format": "skyhook", "latency": 16.855936527252197}]