[{"query": 18, "format": "parquet", "latency": 31.83054542541504}, {"query": 18, "format": "parquet", "latency": 29.93083095550537}, {"query": 18, "format": "parquet", "latency": 30.696858406066895}, {"query": 18, "format": "parquet", "latency": 29.97527766227722}, {"query": 18, "format": "parquet", "latency": 29.565841913223267}, {"query": 18, "format": "parquet", "latency": 30.393546104431152}, {"query": 18, "format": "parquet", "latency": 28.858662843704224}, {"query": 18, "format": "parquet", "latency": 28.192352294921875}, {"query": 18, "format": "parquet", "latency": 30.66806435585022}, {"query": 18, "format": "parquet", "latency": 27.51993751525879}]