[{"query": 21, "format": "parquet", "latency": 37.756574392318726}, {"query": 21, "format": "parquet", "latency": 33.33747434616089}, {"query": 21, "format": "parquet", "latency": 32.877816915512085}, {"query": 21, "format": "parquet", "latency": 33.99948740005493}, {"query": 21, "format": "parquet", "latency": 33.074952363967896}, {"query": 21, "format": "parquet", "latency": 33.63140082359314}, {"query": 21, "format": "parquet", "latency": 35.69232249259949}, {"query": 21, "format": "parquet", "latency": 32.72130370140076}, {"query": 21, "format": "parquet", "latency": 34.591673374176025}, {"query": 21, "format": "parquet", "latency": 33.893146276474}]