[{"query": 17, "format": "skyhook", "latency": 26.563659191131592}, {"query": 17, "format": "skyhook", "latency": 25.096410512924194}, {"query": 17, "format": "skyhook", "latency": 18.114800930023193}, {"query": 17, "format": "skyhook", "latency": 17.907166719436646}, {"query": 17, "format": "skyhook", "latency": 17.279772996902466}, {"query": 17, "format": "skyhook", "latency": 17.619420289993286}, {"query": 17, "format": "skyhook", "latency": 25.103875398635864}, {"query": 17, "format": "skyhook", "latency": 24.826551914215088}, {"query": 17, "format": "skyhook", "latency": 17.43795132637024}, {"query": 17, "format": "skyhook", "latency": 17.385929346084595}]