[{"query": 16, "format": "skyhook", "latency": 3.827650308609009}, {"query": 16, "format": "skyhook", "latency": 4.546655654907227}, {"query": 16, "format": "skyhook", "latency": 3.4399964809417725}, {"query": 16, "format": "skyhook", "latency": 3.536471128463745}, {"query": 16, "format": "skyhook", "latency": 3.3036630153656006}, {"query": 16, "format": "skyhook", "latency": 3.3901779651641846}, {"query": 16, "format": "skyhook", "latency": 3.4999840259552}, {"query": 16, "format": "skyhook", "latency": 3.272139310836792}, {"query": 16, "format": "skyhook", "latency": 4.232509613037109}, {"query": 16, "format": "skyhook", "latency": 4.414435863494873}]