[{"query": 7, "format": "parquet", "latency": 18.815467834472656}, {"query": 7, "format": "parquet", "latency": 22.130558013916016}, {"query": 7, "format": "parquet", "latency": 18.08059859275818}, {"query": 7, "format": "parquet", "latency": 17.801785707473755}, {"query": 7, "format": "parquet", "latency": 15.162169456481934}, {"query": 7, "format": "parquet", "latency": 18.318584442138672}, {"query": 7, "format": "parquet", "latency": 22.21232271194458}, {"query": 7, "format": "parquet", "latency": 14.79026460647583}, {"query": 7, "format": "parquet", "latency": 15.4261474609375}, {"query": 7, "format": "parquet", "latency": 15.215979099273682}]