[{"query": 22, "format": "parquet", "latency": 4.940258502960205}, {"query": 22, "format": "parquet", "latency": 4.230770111083984}, {"query": 22, "format": "parquet", "latency": 4.165245771408081}, {"query": 22, "format": "parquet", "latency": 4.39940333366394}, {"query": 22, "format": "parquet", "latency": 4.391747236251831}, {"query": 22, "format": "parquet", "latency": 4.411219835281372}, {"query": 22, "format": "parquet", "latency": 4.3272483348846436}, {"query": 22, "format": "parquet", "latency": 4.527654409408569}, {"query": 22, "format": "parquet", "latency": 4.389219760894775}, {"query": 22, "format": "parquet", "latency": 4.372549772262573}]