[{"query": 20, "format": "skyhook", "latency": 8.95395040512085}, {"query": 20, "format": "skyhook", "latency": 8.922681093215942}, {"query": 20, "format": "skyhook", "latency": 7.833910226821899}, {"query": 20, "format": "skyhook", "latency": 8.620341062545776}, {"query": 20, "format": "skyhook", "latency": 8.530343055725098}, {"query": 20, "format": "skyhook", "latency": 7.920496225357056}, {"query": 20, "format": "skyhook", "latency": 7.701561450958252}, {"query": 20, "format": "skyhook", "latency": 7.747312784194946}, {"query": 20, "format": "skyhook", "latency": 7.85930871963501}, {"query": 20, "format": "skyhook", "latency": 7.704195261001587}]