[{"query": 2, "format": "parquet", "latency": 4.719095468521118}, {"query": 2, "format": "parquet", "latency": 4.185818195343018}, {"query": 2, "format": "parquet", "latency": 4.024898052215576}, {"query": 2, "format": "parquet", "latency": 4.642602205276489}, {"query": 2, "format": "parquet", "latency": 4.587122201919556}, {"query": 2, "format": "parquet", "latency": 4.43975043296814}, {"query": 2, "format": "parquet", "latency": 4.5710999965667725}, {"query": 2, "format": "parquet", "latency": 4.272583246231079}, {"query": 2, "format": "parquet", "latency": 4.467656135559082}, {"query": 2, "format": "parquet", "latency": 4.208174228668213}]