[{"query": 11, "format": "skyhook", "latency": 5.475202798843384}, {"query": 11, "format": "skyhook", "latency": 6.2142250537872314}, {"query": 11, "format": "skyhook", "latency": 4.564010858535767}, {"query": 11, "format": "skyhook", "latency": 4.429200887680054}, {"query": 11, "format": "skyhook", "latency": 4.8760085105896}, {"query": 11, "format": "skyhook", "latency": 6.229491472244263}, {"query": 11, "format": "skyhook", "latency": 4.6670496463775635}, {"query": 11, "format": "skyhook", "latency": 4.9062278270721436}, {"query": 11, "format": "skyhook", "latency": 4.795331954956055}, {"query": 11, "format": "skyhook", "latency": 5.926337242126465}]