[{"query": 12, "format": "parquet", "latency": 10.550281763076782}, {"query": 12, "format": "parquet", "latency": 9.698474168777466}, {"query": 12, "format": "parquet", "latency": 9.68271017074585}, {"query": 12, "format": "parquet", "latency": 9.756126165390015}, {"query": 12, "format": "parquet", "latency": 9.465977191925049}, {"query": 12, "format": "parquet", "latency": 9.614876747131348}, {"query": 12, "format": "parquet", "latency": 9.300973176956177}, {"query": 12, "format": "parquet", "latency": 9.677717685699463}, {"query": 12, "format": "parquet", "latency": 9.670562744140625}, {"query": 12, "format": "parquet", "latency": 9.532060623168945}]