[{"query": 12, "format": "skyhook", "latency": 8.690839529037476}, {"query": 12, "format": "skyhook", "latency": 8.47750997543335}, {"query": 12, "format": "skyhook", "latency": 8.784661769866943}, {"query": 12, "format": "skyhook", "latency": 9.000597476959229}, {"query": 12, "format": "skyhook", "latency": 8.793169021606445}, {"query": 12, "format": "skyhook", "latency": 8.581130027770996}, {"query": 12, "format": "skyhook", "latency": 8.556297302246094}, {"query": 12, "format": "skyhook", "latency": 8.796176195144653}, {"query": 12, "format": "skyhook", "latency": 8.399425268173218}, {"query": 12, "format": "skyhook", "latency": 8.423710584640503}]