[{"query": 13, "format": "skyhook", "latency": 11.414370775222778}, {"query": 13, "format": "skyhook", "latency": 9.535184383392334}, {"query": 13, "format": "skyhook", "latency": 11.771080017089844}, {"query": 13, "format": "skyhook", "latency": 9.44704270362854}, {"query": 13, "format": "skyhook", "latency": 11.427075386047363}, {"query": 13, "format": "skyhook", "latency": 11.61038875579834}, {"query": 13, "format": "skyhook", "latency": 11.532293796539307}, {"query": 13, "format": "skyhook", "latency": 11.617095232009888}, {"query": 13, "format": "skyhook", "latency": 11.7808358669281}, {"query": 13, "format": "skyhook", "latency": 11.903393268585205}]