[{"query": 14, "format": "parquet", "latency": 5.540700674057007}, {"query": 14, "format": "parquet", "latency": 5.431906700134277}, {"query": 14, "format": "parquet", "latency": 5.407094478607178}, {"query": 14, "format": "parquet", "latency": 5.3855671882629395}, {"query": 14, "format": "parquet", "latency": 5.485100507736206}, {"query": 14, "format": "parquet", "latency": 5.450696229934692}, {"query": 14, "format": "parquet", "latency": 5.379244804382324}, {"query": 14, "format": "parquet", "latency": 5.312985897064209}, {"query": 14, "format": "parquet", "latency": 5.404459476470947}, {"query": 14, "format": "parquet", "latency": 5.488048553466797}]