[{"query": 21, "format": "skyhook", "latency": 37.55633568763733}, {"query": 21, "format": "skyhook", "latency": 33.39787030220032}, {"query": 21, "format": "skyhook", "latency": 32.951805114746094}, {"query": 21, "format": "skyhook", "latency": 36.01687979698181}, {"query": 21, "format": "skyhook", "latency": 35.55113172531128}, {"query": 21, "format": "skyhook", "latency": 34.94090795516968}, {"query": 21, "format": "skyhook", "latency": 35.46937441825867}, {"query": 21, "format": "skyhook", "latency": 33.1918580532074}, {"query": 21, "format": "skyhook", "latency": 32.78334331512451}, {"query": 21, "format": "skyhook", "latency": 32.548097372055054}]