[{"query": 8, "format": "parquet", "latency": 15.268750190734863}, {"query": 8, "format": "parquet", "latency": 15.092066287994385}, {"query": 8, "format": "parquet", "latency": 14.905691146850586}, {"query": 8, "format": "parquet", "latency": 14.93180799484253}, {"query": 8, "format": "parquet", "latency": 15.56668496131897}, {"query": 8, "format": "parquet", "latency": 14.964575052261353}, {"query": 8, "format": "parquet", "latency": 14.827110767364502}, {"query": 8, "format": "parquet", "latency": 14.85768723487854}, {"query": 8, "format": "parquet", "latency": 12.95017409324646}, {"query": 8, "format": "parquet", "latency": 15.261032342910767}]