[{"query": 18, "format": "skyhook", "latency": 45.56817364692688}, {"query": 18, "format": "skyhook", "latency": 41.62307262420654}, {"query": 18, "format": "skyhook", "latency": 40.10988998413086}, {"query": 18, "format": "skyhook", "latency": 40.583409547805786}, {"query": 18, "format": "skyhook", "latency": 28.89139699935913}, {"query": 18, "format": "skyhook", "latency": 33.59378361701965}, {"query": 18, "format": "skyhook", "latency": 41.31376314163208}, {"query": 18, "format": "skyhook", "latency": 41.06257963180542}, {"query": 18, "format": "skyhook", "latency": 24.949479818344116}, {"query": 18, "format": "skyhook", "latency": 24.99735116958618}]