[{"query": 16, "format": "parquet", "latency": 3.4711296558380127}, {"query": 16, "format": "parquet", "latency": 2.9968748092651367}, {"query": 16, "format": "parquet", "latency": 3.022411346435547}, {"query": 16, "format": "parquet", "latency": 3.1257362365722656}, {"query": 16, "format": "parquet", "latency": 3.033418655395508}, {"query": 16, "format": "parquet", "latency": 2.8387842178344727}, {"query": 16, "format": "parquet", "latency": 3.1390066146850586}, {"query": 16, "format": "parquet", "latency": 3.050023317337036}, {"query": 16, "format": "parquet", "latency": 3.074232339859009}, {"query": 16, "format": "parquet", "latency": 2.83451771736145}]