[{"query": 13, "format": "parquet", "latency": 9.837401390075684}, {"query": 13, "format": "parquet", "latency": 9.250767469406128}, {"query": 13, "format": "parquet", "latency": 9.377123594284058}, {"query": 13, "format": "parquet", "latency": 9.281063795089722}, {"query": 13, "format": "parquet", "latency": 9.195849895477295}, {"query": 13, "format": "parquet", "latency": 9.233163595199585}, {"query": 13, "format": "parquet", "latency": 9.316291809082031}, {"query": 13, "format": "parquet", "latency": 9.231597423553467}, {"query": 13, "format": "parquet", "latency": 9.196484804153442}, {"query": 13, "format": "parquet", "latency": 9.616488456726074}]