[{"query": 1, "format": "parquet", "latency": 18.43463945388794}, {"query": 1, "format": "parquet", "latency": 17.75274133682251}, {"query": 1, "format": "parquet", "latency": 18.238706350326538}, {"query": 1, "format": "parquet", "latency": 18.08108139038086}, {"query": 1, "format": "parquet", "latency": 17.504089832305908}, {"query": 1, "format": "parquet", "latency": 18.007131814956665}, {"query": 1, "format": "parquet", "latency": 18.610844373703003}, {"query": 1, "format": "parquet", "latency": 18.70548701286316}, {"query": 1, "format": "parquet", "latency": 18.753031253814697}, {"query": 1, "format": "parquet", "latency": 18.171083688735962}]