[{"query": 17, "format": "parquet", "latency": 17.600532054901123}, {"query": 17, "format": "parquet", "latency": 17.157883167266846}, {"query": 17, "format": "parquet", "latency": 17.192948579788208}, {"query": 17, "format": "parquet", "latency": 17.18278408050537}, {"query": 17, "format": "parquet", "latency": 17.35214328765869}, {"query": 17, "format": "parquet", "latency": 17.360217809677124}, {"query": 17, "format": "parquet", "latency": 17.238897800445557}, {"query": 17, "format": "parquet", "latency": 16.913153409957886}, {"query": 17, "format": "parquet", "latency": 16.935689210891724}, {"query": 17, "format": "parquet", "latency": 17.36802840232849}]