[{"query": 7, "format": "skyhook", "latency": 26.61970567703247}, {"query": 7, "format": "skyhook", "latency": 22.45228910446167}, {"query": 7, "format": "skyhook", "latency": 21.962870121002197}, {"query": 7, "format": "skyhook", "latency": 22.15969681739807}, {"query": 7, "format": "skyhook", "latency": 25.092071294784546}, {"query": 7, "format": "skyhook", "latency": 22.292053699493408}, {"query": 7, "format": "skyhook", "latency": 21.527068853378296}, {"query": 7, "format": "skyhook", "latency": 24.729548692703247}, {"query": 7, "format": "skyhook", "latency": 12.73551321029663}, {"query": 7, "format": "skyhook", "latency": 20.395566940307617}]