[{"query": 13, "format": "parquet", "latency": 5.640393972396851}, {"query": 13, "format": "parquet", "latency": 5.464753866195679}, {"query": 13, "format": "parquet", "latency": 5.656074047088623}, {"query": 13, "format": "parquet", "latency": 5.847362518310547}, {"query": 13, "format": "parquet", "latency": 5.537400960922241}, {"query": 13, "format": "parquet", "latency": 5.588167667388916}, {"query": 13, "format": "parquet", "latency": 5.616357803344727}, {"query": 13, "format": "parquet", "latency": 5.820833921432495}, {"query": 13, "format": "parquet", "latency": 5.571608304977417}, {"query": 13, "format": "parquet", "latency": 5.81915283203125}]