[{"query": 9, "format": "skyhook", "latency": 61.670387983322144}, {"query": 9, "format": "skyhook", "latency": 61.68563890457153}, {"query": 9, "format": "skyhook", "latency": 56.18838357925415}, {"query": 9, "format": "skyhook", "latency": 31.960697889328003}, {"query": 9, "format": "skyhook", "latency": 28.30850100517273}, {"query": 9, "format": "skyhook", "latency": 61.87805795669556}, {"query": 9, "format": "skyhook", "latency": 38.408936500549316}, {"query": 9, "format": "skyhook", "latency": 47.54787731170654}, {"query": 9, "format": "skyhook", "latency": 75.13760256767273}, {"query": 9, "format": "skyhook", "latency": 32.240294456481934}]