[{"query": 21, "format": "skyhook", "latency": 21.94505763053894}, {"query": 21, "format": "skyhook", "latency": 19.522591829299927}, {"query": 21, "format": "skyhook", "latency": 16.238605737686157}, {"query": 21, "format": "skyhook", "latency": 18.302915573120117}, {"query": 21, "format": "skyhook", "latency": 21.471237421035767}, {"query": 21, "format": "skyhook", "latency": 21.207409858703613}, {"query": 21, "format": "skyhook", "latency": 21.187628269195557}, {"query": 21, "format": "skyhook", "latency": 17.19395112991333}, {"query": 21, "format": "skyhook", "latency": 19.108561754226685}, {"query": 21, "format": "skyhook", "latency": 19.901376962661743}]