[{"query": 17, "format": "skyhook", "latency": 11.925753831863403}, {"query": 17, "format": "skyhook", "latency": 15.398971557617188}, {"query": 17, "format": "skyhook", "latency": 11.274275302886963}, {"query": 17, "format": "skyhook", "latency": 11.244745254516602}, {"query": 17, "format": "skyhook", "latency": 10.977723598480225}, {"query": 17, "format": "skyhook", "latency": 16.315153121948242}, {"query": 17, "format": "skyhook", "latency": 11.260740280151367}, {"query": 17, "format": "skyhook", "latency": 16.143869161605835}, {"query": 17, "format": "skyhook", "latency": 10.335325479507446}, {"query": 17, "format": "skyhook", "latency": 16.212504625320435}]