[{"query": 14, "format": "skyhook", "latency": 4.38098406791687}, {"query": 14, "format": "skyhook", "latency": 4.117448806762695}, {"query": 14, "format": "skyhook", "latency": 4.052523851394653}, {"query": 14, "format": "skyhook", "latency": 4.247754335403442}, {"query": 14, "format": "skyhook", "latency": 4.208812952041626}, {"query": 14, "format": "skyhook", "latency": 4.244961500167847}, {"query": 14, "format": "skyhook", "latency": 4.348587274551392}, {"query": 14, "format": "skyhook", "latency": 4.413344860076904}, {"query": 14, "format": "skyhook", "latency": 4.349081039428711}, {"query": 14, "format": "skyhook", "latency": 4.205712556838989}]