[{"query": 16, "format": "skyhook", "latency": 3.469388484954834}, {"query": 16, "format": "skyhook", "latency": 6.586123466491699}, {"query": 16, "format": "skyhook", "latency": 6.218714952468872}, {"query": 16, "format": "skyhook", "latency": 7.421019077301025}, {"query": 16, "format": "skyhook", "latency": 6.047288179397583}, {"query": 16, "format": "skyhook", "latency": 6.3040220737457275}, {"query": 16, "format": "skyhook", "latency": 6.180296897888184}, {"query": 16, "format": "skyhook", "latency": 6.1491827964782715}, {"query": 16, "format": "skyhook", "latency": 6.0720977783203125}, {"query": 16, "format": "skyhook", "latency": 6.105337381362915}]