[{"query": 18, "format": "skyhook", "latency": 18.51016902923584}, {"query": 18, "format": "skyhook", "latency": 18.204100608825684}, {"query": 18, "format": "skyhook", "latency": 15.29053282737732}, {"query": 18, "format": "skyhook", "latency": 17.05323839187622}, {"query": 18, "format": "skyhook", "latency": 18.247106075286865}, {"query": 18, "format": "skyhook", "latency": 16.863481760025024}, {"query": 18, "format": "skyhook", "latency": 11.907549142837524}, {"query": 18, "format": "skyhook", "latency": 17.078473806381226}, {"query": 18, "format": "skyhook", "latency": 18.383898735046387}, {"query": 18, "format": "skyhook", "latency": 11.904011487960815}]