[{"query": 3, "format": "parquet", "latency": 6.882726192474365}, {"query": 3, "format": "parquet", "latency": 6.662052869796753}, {"query": 3, "format": "parquet", "latency": 6.518908739089966}, {"query": 3, "format": "parquet", "latency": 6.533573150634766}, {"query": 3, "format": "parquet", "latency": 6.712287902832031}, {"query": 3, "format": "parquet", "latency": 6.692425012588501}, {"query": 3, "format": "parquet", "latency": 6.717611312866211}, {"query": 3, "format": "parquet", "latency": 6.450554609298706}, {"query": 3, "format": "parquet", "latency": 6.720239639282227}, {"query": 3, "format": "parquet", "latency": 6.6760430335998535}]