[{"query": 19, "format": "skyhook", "latency": 10.612298250198364}, {"query": 19, "format": "skyhook", "latency": 10.56346082687378}, {"query": 19, "format": "skyhook", "latency": 10.228143692016602}, {"query": 19, "format": "skyhook", "latency": 10.341383218765259}, {"query": 19, "format": "skyhook", "latency": 10.41919231414795}, {"query": 19, "format": "skyhook", "latency": 10.403382778167725}, {"query": 19, "format": "skyhook", "latency": 10.359329462051392}, {"query": 19, "format": "skyhook", "latency": 10.762415170669556}, {"query": 19, "format": "skyhook", "latency": 10.67715573310852}, {"query": 19, "format": "skyhook", "latency": 11.004892349243164}]