[{"query": 1, "format": "skyhook", "latency": 11.536201238632202}, {"query": 1, "format": "skyhook", "latency": 11.688994884490967}, {"query": 1, "format": "skyhook", "latency": 11.664371013641357}, {"query": 1, "format": "skyhook", "latency": 11.342209577560425}, {"query": 1, "format": "skyhook", "latency": 13.535464763641357}, {"query": 1, "format": "skyhook", "latency": 13.008471488952637}, {"query": 1, "format": "skyhook", "latency": 11.866287231445312}, {"query": 1, "format": "skyhook", "latency": 11.620526313781738}, {"query": 1, "format": "skyhook", "latency": 13.69251275062561}, {"query": 1, "format": "skyhook", "latency": 11.687370538711548}]