[{"query": 9, "format": "parquet", "latency": 20.45788073539734}, {"query": 9, "format": "parquet", "latency": 20.684531688690186}, {"query": 9, "format": "parquet", "latency": 20.745291233062744}, {"query": 9, "format": "parquet", "latency": 20.45585536956787}, {"query": 9, "format": "parquet", "latency": 20.544347524642944}, {"query": 9, "format": "parquet", "latency": 20.67542600631714}, {"query": 9, "format": "parquet", "latency": 20.670226335525513}, {"query": 9, "format": "parquet", "latency": 20.621382474899292}, {"query": 9, "format": "parquet", "latency": 20.637295246124268}, {"query": 9, "format": "parquet", "latency": 20.71903920173645}]