[{"query": 16, "format": "parquet", "latency": 5.734386444091797}, {"query": 16, "format": "parquet", "latency": 4.954225540161133}, {"query": 16, "format": "parquet", "latency": 5.003243923187256}, {"query": 16, "format": "parquet", "latency": 4.987222671508789}, {"query": 16, "format": "parquet", "latency": 5.131726503372192}, {"query": 16, "format": "parquet", "latency": 5.081835508346558}, {"query": 16, "format": "parquet", "latency": 5.1114325523376465}, {"query": 16, "format": "parquet", "latency": 4.990978479385376}, {"query": 16, "format": "parquet", "latency": 4.883087158203125}, {"query": 16, "format": "parquet", "latency": 4.967211961746216}]