[{"query": 6, "format": "parquet", "latency": 3.641681432723999}, {"query": 6, "format": "parquet", "latency": 3.5506248474121094}, {"query": 6, "format": "parquet", "latency": 3.5802161693573}, {"query": 6, "format": "parquet", "latency": 3.4657344818115234}, {"query": 6, "format": "parquet", "latency": 3.445517063140869}, {"query": 6, "format": "parquet", "latency": 3.528489351272583}, {"query": 6, "format": "parquet", "latency": 3.5563271045684814}, {"query": 6, "format": "parquet", "latency": 3.47514009475708}, {"query": 6, "format": "parquet", "latency": 3.400378942489624}, {"query": 6, "format": "parquet", "latency": 3.4372406005859375}]