[{"query": 4, "format": "parquet", "latency": 6.910728454589844}, {"query": 4, "format": "parquet", "latency": 6.771071434020996}, {"query": 4, "format": "parquet", "latency": 6.715129852294922}, {"query": 4, "format": "parquet", "latency": 6.891266107559204}, {"query": 4, "format": "parquet", "latency": 6.868791341781616}, {"query": 4, "format": "parquet", "latency": 6.9636290073394775}, {"query": 4, "format": "parquet", "latency": 6.859920978546143}, {"query": 4, "format": "parquet", "latency": 6.787843704223633}, {"query": 4, "format": "parquet", "latency": 6.993450164794922}, {"query": 4, "format": "parquet", "latency": 6.836205959320068}]