[{"query": 1, "format": "parquet", "latency": 7.335512399673462}, {"query": 1, "format": "parquet", "latency": 7.331775903701782}, {"query": 1, "format": "parquet", "latency": 7.347906589508057}, {"query": 1, "format": "parquet", "latency": 7.336057186126709}, {"query": 1, "format": "parquet", "latency": 7.397956132888794}, {"query": 1, "format": "parquet", "latency": 7.42883563041687}, {"query": 1, "format": "parquet", "latency": 7.17264461517334}, {"query": 1, "format": "parquet", "latency": 7.763535499572754}, {"query": 1, "format": "parquet", "latency": 6.995981454849243}, {"query": 1, "format": "parquet", "latency": 7.364781618118286}]