[{"query": 2, "format": "parquet", "latency": 1.8731765747070312}, {"query": 2, "format": "parquet", "latency": 1.7720966339111328}, {"query": 2, "format": "parquet", "latency": 1.7268693447113037}, {"query": 2, "format": "parquet", "latency": 1.6994919776916504}, {"query": 2, "format": "parquet", "latency": 1.7365217208862305}, {"query": 2, "format": "parquet", "latency": 1.8433339595794678}, {"query": 2, "format": "parquet", "latency": 1.7704524993896484}, {"query": 2, "format": "parquet", "latency": 1.7991976737976074}, {"query": 2, "format": "parquet", "latency": 1.7648773193359375}, {"query": 2, "format": "parquet", "latency": 1.7690441608428955}]