[{"query": 21, "format": "parquet", "latency": 13.02678370475769}, {"query": 21, "format": "parquet", "latency": 12.852054357528687}, {"query": 21, "format": "parquet", "latency": 13.027435779571533}, {"query": 21, "format": "parquet", "latency": 12.572576522827148}, {"query": 21, "format": "parquet", "latency": 12.66482925415039}, {"query": 21, "format": "parquet", "latency": 12.80695366859436}, {"query": 21, "format": "parquet", "latency": 12.919692754745483}, {"query": 21, "format": "parquet", "latency": 12.64530348777771}, {"query": 21, "format": "parquet", "latency": 12.43247127532959}, {"query": 21, "format": "parquet", "latency": 12.753809213638306}]