[{"query": 8, "format": "skyhook", "latency": 15.970670223236084}, {"query": 8, "format": "skyhook", "latency": 11.342739582061768}, {"query": 8, "format": "skyhook", "latency": 17.0817711353302}, {"query": 8, "format": "skyhook", "latency": 14.06419849395752}, {"query": 8, "format": "skyhook", "latency": 15.222213745117188}, {"query": 8, "format": "skyhook", "latency": 13.520736932754517}, {"query": 8, "format": "skyhook", "latency": 14.58005690574646}, {"query": 8, "format": "skyhook", "latency": 10.638862371444702}, {"query": 8, "format": "skyhook", "latency": 11.02798318862915}, {"query": 8, "format": "skyhook", "latency": 17.54623055458069}]