[{"query": 4, "format": "skyhook", "latency": 8.743126153945923}, {"query": 4, "format": "skyhook", "latency": 8.594820022583008}, {"query": 4, "format": "skyhook", "latency": 8.522302150726318}, {"query": 4, "format": "skyhook", "latency": 8.364830017089844}, {"query": 4, "format": "skyhook", "latency": 8.392996549606323}, {"query": 4, "format": "skyhook", "latency": 8.627131462097168}, {"query": 4, "format": "skyhook", "latency": 8.804723262786865}, {"query": 4, "format": "skyhook", "latency": 8.742884397506714}, {"query": 4, "format": "skyhook", "latency": 8.647100448608398}, {"query": 4, "format": "skyhook", "latency": 8.628550291061401}]