[{"query": 7, "format": "parquet", "latency": 10.738240480422974}, {"query": 7, "format": "parquet", "latency": 10.805500507354736}, {"query": 7, "format": "parquet", "latency": 11.061093091964722}, {"query": 7, "format": "parquet", "latency": 10.498765468597412}, {"query": 7, "format": "parquet", "latency": 10.478568077087402}, {"query": 7, "format": "parquet", "latency": 10.649718761444092}, {"query": 7, "format": "parquet", "latency": 10.533026456832886}, {"query": 7, "format": "parquet", "latency": 10.514132976531982}, {"query": 7, "format": "parquet", "latency": 10.715691804885864}, {"query": 7, "format": "parquet", "latency": 10.714065313339233}]