[{"query": 11, "format": "parquet", "latency": 1.3212931156158447}, {"query": 11, "format": "parquet", "latency": 2.3030800819396973}, {"query": 11, "format": "parquet", "latency": 1.2533957958221436}, {"query": 11, "format": "parquet", "latency": 1.2462177276611328}, {"query": 11, "format": "parquet", "latency": 1.282104253768921}, {"query": 11, "format": "parquet", "latency": 1.9235801696777344}, {"query": 11, "format": "parquet", "latency": 1.3060319423675537}, {"query": 11, "format": "parquet", "latency": 1.251507043838501}, {"query": 11, "format": "parquet", "latency": 1.2422151565551758}, {"query": 11, "format": "parquet", "latency": 1.9743013381958008}]