[{"query": 2, "format": "skyhook", "latency": 7.381224870681763}, {"query": 2, "format": "skyhook", "latency": 8.545058488845825}, {"query": 2, "format": "skyhook", "latency": 9.486917495727539}, {"query": 2, "format": "skyhook", "latency": 4.509783983230591}, {"query": 2, "format": "skyhook", "latency": 4.538695335388184}, {"query": 2, "format": "skyhook", "latency": 8.50674319267273}, {"query": 2, "format": "skyhook", "latency": 8.124448299407959}, {"query": 2, "format": "skyhook", "latency": 4.395669221878052}, {"query": 2, "format": "skyhook", "latency": 4.914008855819702}, {"query": 2, "format": "skyhook", "latency": 4.368370056152344}]