[{"query": 10, "format": "parquet", "latency": 7.680840015411377}, {"query": 10, "format": "parquet", "latency": 7.799951553344727}, {"query": 10, "format": "parquet", "latency": 7.9418418407440186}, {"query": 10, "format": "parquet", "latency": 7.8388659954071045}, {"query": 10, "format": "parquet", "latency": 7.732375144958496}, {"query": 10, "format": "parquet", "latency": 7.873370885848999}, {"query": 10, "format": "parquet", "latency": 7.900123834609985}, {"query": 10, "format": "parquet", "latency": 7.816328763961792}, {"query": 10, "format": "parquet", "latency": 7.706018447875977}, {"query": 10, "format": "parquet", "latency": 7.636289596557617}]