[{"query": 7, "format": "skyhook", "latency": 24.053020238876343}, {"query": 7, "format": "skyhook", "latency": 9.805406332015991}, {"query": 7, "format": "skyhook", "latency": 20.1447114944458}, {"query": 7, "format": "skyhook", "latency": 21.336376190185547}, {"query": 7, "format": "skyhook", "latency": 14.783010482788086}, {"query": 7, "format": "skyhook", "latency": 19.71600317955017}, {"query": 7, "format": "skyhook", "latency": 10.337488651275635}, {"query": 7, "format": "skyhook", "latency": 12.427687168121338}, {"query": 7, "format": "skyhook", "latency": 18.752668619155884}, {"query": 7, "format": "skyhook", "latency": 10.42470669746399}]