[{"query": 20, "format": "skyhook", "latency": 7.359961748123169}, {"query": 20, "format": "skyhook", "latency": 6.2766273021698}, {"query": 20, "format": "skyhook", "latency": 6.941017150878906}, {"query": 20, "format": "skyhook", "latency": 6.785982131958008}, {"query": 20, "format": "skyhook", "latency": 7.505453824996948}, {"query": 20, "format": "skyhook", "latency": 7.466465711593628}, {"query": 20, "format": "skyhook", "latency": 6.625016689300537}, {"query": 20, "format": "skyhook", "latency": 6.4826719760894775}, {"query": 20, "format": "skyhook", "latency": 6.522409915924072}, {"query": 20, "format": "skyhook", "latency": 6.733622312545776}]