[{"query": 8, "format": "parquet", "latency": 8.172995805740356}, {"query": 8, "format": "parquet", "latency": 8.273155927658081}, {"query": 8, "format": "parquet", "latency": 8.16269326210022}, {"query": 8, "format": "parquet", "latency": 8.10412335395813}, {"query": 8, "format": "parquet", "latency": 8.397871494293213}, {"query": 8, "format": "parquet", "latency": 8.261860132217407}, {"query": 8, "format": "parquet", "latency": 8.28287148475647}, {"query": 8, "format": "parquet", "latency": 8.269652605056763}, {"query": 8, "format": "parquet", "latency": 8.3135666847229}, {"query": 8, "format": "parquet", "latency": 8.17743468284607}]