[{"query": 15, "format": "skyhook", "latency": 7.578168869018555}, {"query": 15, "format": "skyhook", "latency": 7.559431314468384}, {"query": 15, "format": "skyhook", "latency": 7.4849629402160645}, {"query": 15, "format": "skyhook", "latency": 7.5343873500823975}, {"query": 15, "format": "skyhook", "latency": 7.521262884140015}, {"query": 15, "format": "skyhook", "latency": 5.505152702331543}, {"query": 15, "format": "skyhook", "latency": 5.5168681144714355}, {"query": 15, "format": "skyhook", "latency": 7.614336967468262}, {"query": 15, "format": "skyhook", "latency": 7.629587411880493}, {"query": 15, "format": "skyhook", "latency": 7.664381742477417}]