[{"query": 5, "format": "skyhook", "latency": 14.756489753723145}, {"query": 5, "format": "skyhook", "latency": 19.37385654449463}, {"query": 5, "format": "skyhook", "latency": 9.700255632400513}, {"query": 5, "format": "skyhook", "latency": 8.569883346557617}, {"query": 5, "format": "skyhook", "latency": 18.646361112594604}, {"query": 5, "format": "skyhook", "latency": 18.282215118408203}, {"query": 5, "format": "skyhook", "latency": 18.30653738975525}, {"query": 5, "format": "skyhook", "latency": 17.842870712280273}, {"query": 5, "format": "skyhook", "latency": 9.802661180496216}, {"query": 5, "format": "skyhook", "latency": 9.903698682785034}]