[{"query": 15, "format": "parquet", "latency": 7.053422451019287}, {"query": 15, "format": "parquet", "latency": 6.6749420166015625}, {"query": 15, "format": "parquet", "latency": 6.7754034996032715}, {"query": 15, "format": "parquet", "latency": 6.792050123214722}, {"query": 15, "format": "parquet", "latency": 6.580705642700195}, {"query": 15, "format": "parquet", "latency": 6.988184928894043}, {"query": 15, "format": "parquet", "latency": 6.887987375259399}, {"query": 15, "format": "parquet", "latency": 6.729165315628052}, {"query": 15, "format": "parquet", "latency": 6.85250997543335}, {"query": 15, "format": "parquet", "latency": 6.473754167556763}]