[{"query": 20, "format": "parquet", "latency": 6.544800043106079}, {"query": 20, "format": "parquet", "latency": 6.450680732727051}, {"query": 20, "format": "parquet", "latency": 6.590724468231201}, {"query": 20, "format": "parquet", "latency": 6.82598090171814}, {"query": 20, "format": "parquet", "latency": 6.621840715408325}, {"query": 20, "format": "parquet", "latency": 6.516929626464844}, {"query": 20, "format": "parquet", "latency": 6.6151769161224365}, {"query": 20, "format": "parquet", "latency": 6.6187214851379395}, {"query": 20, "format": "parquet", "latency": 6.373645305633545}, {"query": 20, "format": "parquet", "latency": 6.406668663024902}]