[{"query": 14, "format": "parquet", "latency": 5.195373296737671}, {"query": 14, "format": "parquet", "latency": 5.021016836166382}, {"query": 14, "format": "parquet", "latency": 5.136903285980225}, {"query": 14, "format": "parquet", "latency": 4.973259925842285}, {"query": 14, "format": "parquet", "latency": 5.044463396072388}, {"query": 14, "format": "parquet", "latency": 5.073575258255005}, {"query": 14, "format": "parquet", "latency": 4.995804071426392}, {"query": 14, "format": "parquet", "latency": 4.972909212112427}, {"query": 14, "format": "parquet", "latency": 4.9068498611450195}, {"query": 14, "format": "parquet", "latency": 4.971261978149414}]