[{"query": 12, "format": "skyhook", "latency": 7.454748630523682}, {"query": 12, "format": "skyhook", "latency": 7.23286247253418}, {"query": 12, "format": "skyhook", "latency": 6.975368022918701}, {"query": 12, "format": "skyhook", "latency": 9.152827024459839}, {"query": 12, "format": "skyhook", "latency": 7.543208360671997}, {"query": 12, "format": "skyhook", "latency": 9.354934453964233}, {"query": 12, "format": "skyhook", "latency": 7.4015209674835205}, {"query": 12, "format": "skyhook", "latency": 8.78417706489563}, {"query": 12, "format": "skyhook", "latency": 9.528501987457275}, {"query": 12, "format": "skyhook", "latency": 8.959275484085083}]