[{"query": 3, "format": "skyhook", "latency": 9.472063302993774}, {"query": 3, "format": "skyhook", "latency": 9.120054244995117}, {"query": 3, "format": "skyhook", "latency": 8.143985986709595}, {"query": 3, "format": "skyhook", "latency": 9.667492389678955}, {"query": 3, "format": "skyhook", "latency": 8.231457710266113}, {"query": 3, "format": "skyhook", "latency": 9.503793716430664}, {"query": 3, "format": "skyhook", "latency": 7.834816217422485}, {"query": 3, "format": "skyhook", "latency": 8.005841255187988}, {"query": 3, "format": "skyhook", "latency": 9.265271663665771}, {"query": 3, "format": "skyhook", "latency": 9.79511570930481}]