[{"query": 5, "format": "parquet", "latency": 6.598556756973267}, {"query": 5, "format": "parquet", "latency": 6.557284355163574}, {"query": 5, "format": "parquet", "latency": 6.60785436630249}, {"query": 5, "format": "parquet", "latency": 6.686270713806152}, {"query": 5, "format": "parquet", "latency": 6.642404794692993}, {"query": 5, "format": "parquet", "latency": 6.71882963180542}, {"query": 5, "format": "parquet", "latency": 6.487710952758789}, {"query": 5, "format": "parquet", "latency": 6.648271083831787}, {"query": 5, "format": "parquet", "latency": 6.626063585281372}, {"query": 5, "format": "parquet", "latency": 6.616425037384033}]