[{"query": 18, "format": "parquet", "latency": 8.267907857894897}, {"query": 18, "format": "parquet", "latency": 8.022392511367798}, {"query": 18, "format": "parquet", "latency": 8.23851752281189}, {"query": 18, "format": "parquet", "latency": 8.116311311721802}, {"query": 18, "format": "parquet", "latency": 8.170540571212769}, {"query": 18, "format": "parquet", "latency": 7.984779596328735}, {"query": 18, "format": "parquet", "latency": 8.106470346450806}, {"query": 18, "format": "parquet", "latency": 8.136277675628662}, {"query": 18, "format": "parquet", "latency": 8.143497467041016}, {"query": 18, "format": "parquet", "latency": 8.416292190551758}]