[{"query": 19, "format": "parquet", "latency": 9.897432088851929}, {"query": 19, "format": "parquet", "latency": 9.732018232345581}, {"query": 19, "format": "parquet", "latency": 9.93486475944519}, {"query": 19, "format": "parquet", "latency": 9.344370603561401}, {"query": 19, "format": "parquet", "latency": 9.589080095291138}, {"query": 19, "format": "parquet", "latency": 9.660683393478394}, {"query": 19, "format": "parquet", "latency": 9.782227516174316}, {"query": 19, "format": "parquet", "latency": 9.851884841918945}, {"query": 19, "format": "parquet", "latency": 9.401650667190552}, {"query": 19, "format": "parquet", "latency": 9.598313808441162}]