[{"query": 10, "format": "skyhook", "latency": 13.662871360778809}, {"query": 10, "format": "skyhook", "latency": 11.147827863693237}, {"query": 10, "format": "skyhook", "latency": 9.219927549362183}, {"query": 10, "format": "skyhook", "latency": 13.423352479934692}, {"query": 10, "format": "skyhook", "latency": 13.528496742248535}, {"query": 10, "format": "skyhook", "latency": 13.58552622795105}, {"query": 10, "format": "skyhook", "latency": 12.087557315826416}, {"query": 10, "format": "skyhook", "latency": 10.385901927947998}, {"query": 10, "format": "skyhook", "latency": 8.926690340042114}, {"query": 10, "format": "skyhook", "latency": 13.836189985275269}]