[{"query": 11, "format": "skyhook", "latency": 4.032540559768677}, {"query": 11, "format": "skyhook", "latency": 4.331771373748779}, {"query": 11, "format": "skyhook", "latency": 3.814152479171753}, {"query": 11, "format": "skyhook", "latency": 3.928192377090454}, {"query": 11, "format": "skyhook", "latency": 4.226694583892822}, {"query": 11, "format": "skyhook", "latency": 4.644444465637207}, {"query": 11, "format": "skyhook", "latency": 4.316905975341797}, {"query": 11, "format": "skyhook", "latency": 4.468204498291016}, {"query": 11, "format": "skyhook", "latency": 4.533323287963867}, {"query": 11, "format": "skyhook", "latency": 4.456925868988037}]