[{"query": 6, "format": "skyhook", "latency": 3.4479196071624756}, {"query": 6, "format": "skyhook", "latency": 3.6134819984436035}, {"query": 6, "format": "skyhook", "latency": 3.5577797889709473}, {"query": 6, "format": "skyhook", "latency": 3.4015209674835205}, {"query": 6, "format": "skyhook", "latency": 3.500133991241455}, {"query": 6, "format": "skyhook", "latency": 3.4118192195892334}, {"query": 6, "format": "skyhook", "latency": 3.599547863006592}, {"query": 6, "format": "skyhook", "latency": 3.492107391357422}, {"query": 6, "format": "skyhook", "latency": 3.604738712310791}, {"query": 6, "format": "skyhook", "latency": 3.506669044494629}]