[{"query": 12, "format": "parquet", "latency": 7.66758394241333}, {"query": 12, "format": "parquet", "latency": 7.469694137573242}, {"query": 12, "format": "parquet", "latency": 7.5372889041900635}, {"query": 12, "format": "parquet", "latency": 7.740079402923584}, {"query": 12, "format": "parquet", "latency": 7.598684072494507}, {"query": 12, "format": "parquet", "latency": 7.542515754699707}, {"query": 12, "format": "parquet", "latency": 7.7285401821136475}, {"query": 12, "format": "parquet", "latency": 7.698822498321533}, {"query": 12, "format": "parquet", "latency": 7.781988620758057}, {"query": 12, "format": "parquet", "latency": 7.594412803649902}]