[{"query": 22, "format": "parquet", "latency": 2.651050567626953}, {"query": 22, "format": "parquet", "latency": 2.663813352584839}, {"query": 22, "format": "parquet", "latency": 2.7119805812835693}, {"query": 22, "format": "parquet", "latency": 2.6921627521514893}, {"query": 22, "format": "parquet", "latency": 2.781736135482788}, {"query": 22, "format": "parquet", "latency": 2.6323623657226562}, {"query": 22, "format": "parquet", "latency": 2.675450086593628}, {"query": 22, "format": "parquet", "latency": 2.913360595703125}, {"query": 22, "format": "parquet", "latency": 2.5861494541168213}, {"query": 22, "format": "parquet", "latency": 2.7207627296447754}]