[{"query": 17, "format": "parquet", "latency": 8.107195377349854}, {"query": 17, "format": "parquet", "latency": 7.734657287597656}, {"query": 17, "format": "parquet", "latency": 7.704647779464722}, {"query": 17, "format": "parquet", "latency": 7.658238172531128}, {"query": 17, "format": "parquet", "latency": 7.87703275680542}, {"query": 17, "format": "parquet", "latency": 7.658606767654419}, {"query": 17, "format": "parquet", "latency": 7.829830169677734}, {"query": 17, "format": "parquet", "latency": 7.74893593788147}, {"query": 17, "format": "parquet", "latency": 7.754708290100098}, {"query": 17, "format": "parquet", "latency": 7.706859588623047}]