[{"query": 13, "format": "skyhook", "latency": 8.63220739364624}, {"query": 13, "format": "skyhook", "latency": 6.589399337768555}, {"query": 13, "format": "skyhook", "latency": 7.272810220718384}, {"query": 13, "format": "skyhook", "latency": 8.562610149383545}, {"query": 13, "format": "skyhook", "latency": 8.480269193649292}, {"query": 13, "format": "skyhook", "latency": 8.262863874435425}, {"query": 13, "format": "skyhook", "latency": 6.921391248703003}, {"query": 13, "format": "skyhook", "latency": 8.644955396652222}, {"query": 13, "format": "skyhook", "latency": 8.57433819770813}, {"query": 13, "format": "skyhook", "latency": 6.796057224273682}]