[{"query": 22, "format": "skyhook", "latency": 3.945448398590088}, {"query": 22, "format": "skyhook", "latency": 4.0069520473480225}, {"query": 22, "format": "skyhook", "latency": 3.9598028659820557}, {"query": 22, "format": "skyhook", "latency": 4.159641265869141}, {"query": 22, "format": "skyhook", "latency": 3.905210494995117}, {"query": 22, "format": "skyhook", "latency": 4.028473854064941}, {"query": 22, "format": "skyhook", "latency": 3.9709208011627197}, {"query": 22, "format": "skyhook", "latency": 4.229734897613525}, {"query": 22, "format": "skyhook", "latency": 3.990222692489624}, {"query": 22, "format": "skyhook", "latency": 3.970125675201416}]