[{"query": 6, "format": "skyhook", "latency": 9.46036958694458}, {"query": 6, "format": "skyhook", "latency": 9.477536678314209}, {"query": 6, "format": "skyhook", "latency": 9.459778785705566}, {"query": 6, "format": "skyhook", "latency": 9.511898279190063}, {"query": 6, "format": "skyhook", "latency": 9.69167971611023}, {"query": 6, "format": "skyhook", "latency": 9.45135235786438}, {"query": 6, "format": "skyhook", "latency": 9.551880836486816}, {"query": 6, "format": "skyhook", "latency": 9.687648057937622}, {"query": 6, "format": "skyhook", "latency": 9.44200587272644}, {"query": 6, "format": "skyhook", "latency": 9.446372747421265}]