[{"query": 19, "format": "parquet", "latency": 31.34917163848877}, {"query": 19, "format": "parquet", "latency": 28.967591047286987}, {"query": 19, "format": "parquet", "latency": 28.50612998008728}, {"query": 19, "format": "parquet", "latency": 28.880876064300537}, {"query": 19, "format": "parquet", "latency": 28.54428720474243}, {"query": 19, "format": "parquet", "latency": 28.763200759887695}, {"query": 19, "format": "parquet", "latency": 29.15176796913147}, {"query": 19, "format": "parquet", "latency": 28.612903118133545}, {"query": 19, "format": "parquet", "latency": 28.964951753616333}, {"query": 19, "format": "parquet", "latency": 28.15625238418579}]