[{"query": 11, "format": "parquet", "latency": 4.965795516967773}, {"query": 11, "format": "parquet", "latency": 3.843891143798828}, {"query": 11, "format": "parquet", "latency": 3.7521209716796875}, {"query": 11, "format": "parquet", "latency": 3.7956597805023193}, {"query": 11, "format": "parquet", "latency": 3.7518956661224365}, {"query": 11, "format": "parquet", "latency": 3.6187758445739746}, {"query": 11, "format": "parquet", "latency": 3.7105178833007812}, {"query": 11, "format": "parquet", "latency": 3.6683785915374756}, {"query": 11, "format": "parquet", "latency": 3.6778764724731445}, {"query": 11, "format": "parquet", "latency": 3.7868175506591797}]