[{"query": 1, "format": "parquet", "latency": 20.916107654571533}, {"query": 1, "format": "parquet", "latency": 19.798986196517944}, {"query": 1, "format": "parquet", "latency": 19.231656789779663}, {"query": 1, "format": "parquet", "latency": 19.193026304244995}, {"query": 1, "format": "parquet", "latency": 19.185447454452515}, {"query": 1, "format": "parquet", "latency": 19.851287364959717}, {"query": 1, "format": "parquet", "latency": 19.52038598060608}, {"query": 1, "format": "parquet", "latency": 19.2842915058136}, {"query": 1, "format": "parquet", "latency": 19.526535749435425}, {"query": 1, "format": "parquet", "latency": 19.28198480606079}]