[{"query": 20, "format": "skyhook", "latency": 24.72284746170044}, {"query": 20, "format": "skyhook", "latency": 17.279260873794556}, {"query": 20, "format": "skyhook", "latency": 21.71615219116211}, {"query": 20, "format": "skyhook", "latency": 19.629003047943115}, {"query": 20, "format": "skyhook", "latency": 20.254224061965942}, {"query": 20, "format": "skyhook", "latency": 21.467037439346313}, {"query": 20, "format": "skyhook", "latency": 23.33458685874939}, {"query": 20, "format": "skyhook", "latency": 23.32971739768982}, {"query": 20, "format": "skyhook", "latency": 17.75096106529236}, {"query": 20, "format": "skyhook", "latency": 20.185057163238525}]