[{"query": 20, "format": "parquet", "latency": 24.61226511001587}, {"query": 20, "format": "parquet", "latency": 22.3139967918396}, {"query": 20, "format": "parquet", "latency": 22.018662929534912}, {"query": 20, "format": "parquet", "latency": 21.95576047897339}, {"query": 20, "format": "parquet", "latency": 22.03485631942749}, {"query": 20, "format": "parquet", "latency": 21.707080364227295}, {"query": 20, "format": "parquet", "latency": 22.09571933746338}, {"query": 20, "format": "parquet", "latency": 22.010628938674927}, {"query": 20, "format": "parquet", "latency": 22.163219690322876}, {"query": 20, "format": "parquet", "latency": 22.06519651412964}]