[{"query": 8, "format": "parquet", "latency": 26.41678524017334}, {"query": 8, "format": "parquet", "latency": 25.970092296600342}, {"query": 8, "format": "parquet", "latency": 25.542520999908447}, {"query": 8, "format": "parquet", "latency": 26.14538836479187}, {"query": 8, "format": "parquet", "latency": 26.140610694885254}, {"query": 8, "format": "parquet", "latency": 25.925162315368652}, {"query": 8, "format": "parquet", "latency": 25.774190664291382}, {"query": 8, "format": "parquet", "latency": 25.858214855194092}, {"query": 8, "format": "parquet", "latency": 24.87837529182434}, {"query": 8, "format": "parquet", "latency": 24.667245626449585}]