[{"query": 17, "format": "parquet", "latency": 33.04149127006531}, {"query": 17, "format": "parquet", "latency": 21.842156887054443}, {"query": 17, "format": "parquet", "latency": 21.89171838760376}, {"query": 17, "format": "parquet", "latency": 21.53226399421692}, {"query": 17, "format": "parquet", "latency": 21.710386514663696}, {"query": 17, "format": "parquet", "latency": 21.463526725769043}, {"query": 17, "format": "parquet", "latency": 22.338902711868286}, {"query": 17, "format": "parquet", "latency": 21.954800128936768}, {"query": 17, "format": "parquet", "latency": 22.262439250946045}, {"query": 17, "format": "parquet", "latency": 21.430405378341675}]