[{"query": 10, "format": "parquet", "latency": 25.9110848903656}, {"query": 10, "format": "parquet", "latency": 24.095596313476562}, {"query": 10, "format": "parquet", "latency": 23.568500757217407}, {"query": 10, "format": "parquet", "latency": 23.671948194503784}, {"query": 10, "format": "parquet", "latency": 23.962192058563232}, {"query": 10, "format": "parquet", "latency": 23.262641191482544}, {"query": 10, "format": "parquet", "latency": 23.899646282196045}, {"query": 10, "format": "parquet", "latency": 23.907707929611206}, {"query": 10, "format": "parquet", "latency": 23.866332054138184}, {"query": 10, "format": "parquet", "latency": 23.67171573638916}]