[{"query": 5, "format": "skyhook", "latency": 121.02179980278015}, {"query": 5, "format": "skyhook", "latency": 104.28552675247192}, {"query": 5, "format": "skyhook", "latency": 130.52894973754883}, {"query": 5, "format": "skyhook", "latency": 105.89804124832153}, {"query": 5, "format": "skyhook", "latency": 127.06620693206787}, {"query": 5, "format": "skyhook", "latency": 110.45010805130005}, {"query": 5, "format": "skyhook", "latency": 114.59544086456299}, {"query": 5, "format": "skyhook", "latency": 111.53607106208801}, {"query": 5, "format": "skyhook", "latency": 115.24862504005432}, {"query": 5, "format": "skyhook", "latency": 27.78203582763672}]