[{"query": 10, "format": "skyhook", "latency": 68.12021112442017}, {"query": 10, "format": "skyhook", "latency": 21.697277069091797}, {"query": 10, "format": "skyhook", "latency": 58.175164461135864}, {"query": 10, "format": "skyhook", "latency": 32.78919434547424}, {"query": 10, "format": "skyhook", "latency": 35.91905665397644}, {"query": 10, "format": "skyhook", "latency": 59.02813410758972}, {"query": 10, "format": "skyhook", "latency": 35.51516556739807}, {"query": 10, "format": "skyhook", "latency": 62.10556173324585}, {"query": 10, "format": "skyhook", "latency": 30.358360528945923}, {"query": 10, "format": "skyhook", "latency": 23.83937168121338}]