[{"query": 4, "format": "parquet", "latency": 35.625715255737305}, {"query": 4, "format": "parquet", "latency": 29.480278491973877}, {"query": 4, "format": "parquet", "latency": 32.89794206619263}, {"query": 4, "format": "parquet", "latency": 30.26041340827942}, {"query": 4, "format": "parquet", "latency": 29.861406087875366}, {"query": 4, "format": "parquet", "latency": 28.122958183288574}, {"query": 4, "format": "parquet", "latency": 26.872106075286865}, {"query": 4, "format": "parquet", "latency": 29.89403462409973}, {"query": 4, "format": "parquet", "latency": 27.202136039733887}, {"query": 4, "format": "parquet", "latency": 33.775989294052124}]