[{"query": 1, "format": "skyhook", "latency": 36.30537438392639}, {"query": 1, "format": "skyhook", "latency": 35.89406609535217}, {"query": 1, "format": "skyhook", "latency": 35.57308864593506}, {"query": 1, "format": "skyhook", "latency": 36.18256998062134}, {"query": 1, "format": "skyhook", "latency": 35.8333945274353}, {"query": 1, "format": "skyhook", "latency": 36.353397369384766}, {"query": 1, "format": "skyhook", "latency": 39.70869779586792}, {"query": 1, "format": "skyhook", "latency": 35.96137309074402}, {"query": 1, "format": "skyhook", "latency": 35.86334204673767}, {"query": 1, "format": "skyhook", "latency": 36.05851197242737}]