[{"query": 3, "format": "parquet", "latency": 25.87707209587097}, {"query": 3, "format": "parquet", "latency": 24.892194032669067}, {"query": 3, "format": "parquet", "latency": 24.253641366958618}, {"query": 3, "format": "parquet", "latency": 24.54962921142578}, {"query": 3, "format": "parquet", "latency": 23.62094807624817}, {"query": 3, "format": "parquet", "latency": 24.0970778465271}, {"query": 3, "format": "parquet", "latency": 24.045512914657593}, {"query": 3, "format": "parquet", "latency": 23.37158465385437}, {"query": 3, "format": "parquet", "latency": 27.224364757537842}, {"query": 3, "format": "parquet", "latency": 22.672985553741455}]