[{"query": 22, "format": "parquet", "latency": 16.36546015739441}, {"query": 22, "format": "parquet", "latency": 14.592386722564697}, {"query": 22, "format": "parquet", "latency": 12.504640579223633}, {"query": 22, "format": "parquet", "latency": 12.576509475708008}, {"query": 22, "format": "parquet", "latency": 12.60437536239624}, {"query": 22, "format": "parquet", "latency": 12.58304476737976}, {"query": 22, "format": "parquet", "latency": 12.646889448165894}, {"query": 22, "format": "parquet", "latency": 13.501348495483398}, {"query": 22, "format": "parquet", "latency": 12.218991756439209}, {"query": 22, "format": "parquet", "latency": 15.05526089668274}]