[{"query": 13, "format": "parquet", "latency": 29.372976541519165}, {"query": 13, "format": "parquet", "latency": 21.70130467414856}, {"query": 13, "format": "parquet", "latency": 26.822917222976685}, {"query": 13, "format": "parquet", "latency": 21.925362825393677}, {"query": 13, "format": "parquet", "latency": 19.254748344421387}, {"query": 13, "format": "parquet", "latency": 19.353190183639526}, {"query": 13, "format": "parquet", "latency": 19.952211380004883}, {"query": 13, "format": "parquet", "latency": 18.599778413772583}, {"query": 13, "format": "parquet", "latency": 19.52512764930725}, {"query": 13, "format": "parquet", "latency": 20.627251386642456}]