[{"query": 14, "format": "parquet", "latency": 17.145761251449585}, {"query": 14, "format": "parquet", "latency": 16.323249578475952}, {"query": 14, "format": "parquet", "latency": 16.167490005493164}, {"query": 14, "format": "parquet", "latency": 16.04428219795227}, {"query": 14, "format": "parquet", "latency": 16.13383984565735}, {"query": 14, "format": "parquet", "latency": 16.084258794784546}, {"query": 14, "format": "parquet", "latency": 16.05519986152649}, {"query": 14, "format": "parquet", "latency": 16.1133873462677}, {"query": 14, "format": "parquet", "latency": 16.44933557510376}, {"query": 14, "format": "parquet", "latency": 16.028523921966553}]