[{"query": 4, "format": "skyhook", "latency": 36.67763900756836}, {"query": 4, "format": "skyhook", "latency": 34.10046362876892}, {"query": 4, "format": "skyhook", "latency": 48.06055951118469}, {"query": 4, "format": "skyhook", "latency": 39.67979049682617}, {"query": 4, "format": "skyhook", "latency": 31.900563716888428}, {"query": 4, "format": "skyhook", "latency": 32.301713705062866}, {"query": 4, "format": "skyhook", "latency": 30.44971776008606}, {"query": 4, "format": "skyhook", "latency": 30.826018571853638}, {"query": 4, "format": "skyhook", "latency": 31.90759253501892}, {"query": 4, "format": "skyhook", "latency": 35.55929684638977}]