[{"query": 15, "format": "skyhook", "latency": 21.996211051940918}, {"query": 15, "format": "skyhook", "latency": 22.021103858947754}, {"query": 15, "format": "skyhook", "latency": 11.850296020507812}, {"query": 15, "format": "skyhook", "latency": 12.189697265625}, {"query": 15, "format": "skyhook", "latency": 21.8359534740448}, {"query": 15, "format": "skyhook", "latency": 22.43682360649109}, {"query": 15, "format": "skyhook", "latency": 13.051345348358154}, {"query": 15, "format": "skyhook", "latency": 12.451595544815063}, {"query": 15, "format": "skyhook", "latency": 22.125804901123047}, {"query": 15, "format": "skyhook", "latency": 11.534095287322998}]