[{"query": 16, "format": "skyhook", "latency": 18.81305694580078}, {"query": 16, "format": "skyhook", "latency": 21.67772912979126}, {"query": 16, "format": "skyhook", "latency": 18.629493474960327}, {"query": 16, "format": "skyhook", "latency": 17.963600158691406}, {"query": 16, "format": "skyhook", "latency": 17.949857473373413}, {"query": 16, "format": "skyhook", "latency": 13.988038539886475}, {"query": 16, "format": "skyhook", "latency": 21.905388832092285}, {"query": 16, "format": "skyhook", "latency": 17.94843077659607}, {"query": 16, "format": "skyhook", "latency": 18.362239837646484}, {"query": 16, "format": "skyhook", "latency": 21.821415662765503}]