[{"query": 18, "format": "skyhook", "latency": 176.75709795951843}, {"query": 18, "format": "skyhook", "latency": 101.9825668334961}, {"query": 18, "format": "skyhook", "latency": 97.76913237571716}, {"query": 18, "format": "skyhook", "latency": 65.56456470489502}, {"query": 18, "format": "skyhook", "latency": 30.74522042274475}, {"query": 18, "format": "skyhook", "latency": 67.32987141609192}, {"query": 18, "format": "skyhook", "latency": 90.04732203483582}, {"query": 18, "format": "skyhook", "latency": 136.42593455314636}, {"query": 18, "format": "skyhook", "latency": 57.4004168510437}, {"query": 18, "format": "skyhook", "latency": 84.98882484436035}]