[{"query": 7, "format": "parquet", "latency": 57.25276327133179}, {"query": 7, "format": "parquet", "latency": 47.576276779174805}, {"query": 7, "format": "parquet", "latency": 45.44172120094299}, {"query": 7, "format": "parquet", "latency": 44.38355588912964}, {"query": 7, "format": "parquet", "latency": 44.31101846694946}, {"query": 7, "format": "parquet", "latency": 44.350396156311035}, {"query": 7, "format": "parquet", "latency": 43.85614466667175}, {"query": 7, "format": "parquet", "latency": 43.80621027946472}, {"query": 7, "format": "parquet", "latency": 45.30730938911438}, {"query": 7, "format": "parquet", "latency": 46.55323624610901}]