[{"query": 8, "format": "skyhook", "latency": 113.5695731639862}, {"query": 8, "format": "skyhook", "latency": 83.90854287147522}, {"query": 8, "format": "skyhook", "latency": 113.00097417831421}, {"query": 8, "format": "skyhook", "latency": 95.27775144577026}, {"query": 8, "format": "skyhook", "latency": 98.22348260879517}, {"query": 8, "format": "skyhook", "latency": 78.77059936523438}, {"query": 8, "format": "skyhook", "latency": 83.88547205924988}, {"query": 8, "format": "skyhook", "latency": 63.24978733062744}, {"query": 8, "format": "skyhook", "latency": 67.38552260398865}, {"query": 8, "format": "skyhook", "latency": 88.12925004959106}]