[{"query": 5, "format": "parquet", "latency": 21.99397110939026}, {"query": 5, "format": "parquet", "latency": 20.15141487121582}, {"query": 5, "format": "parquet", "latency": 20.20318627357483}, {"query": 5, "format": "parquet", "latency": 19.854411840438843}, {"query": 5, "format": "parquet", "latency": 19.903852462768555}, {"query": 5, "format": "parquet", "latency": 20.453758239746094}, {"query": 5, "format": "parquet", "latency": 20.287765741348267}, {"query": 5, "format": "parquet", "latency": 20.30927562713623}, {"query": 5, "format": "parquet", "latency": 20.221620559692383}, {"query": 5, "format": "parquet", "latency": 20.059304237365723}]