[{"query": 14, "format": "skyhook", "latency": 13.996984243392944}, {"query": 14, "format": "skyhook", "latency": 13.237047672271729}, {"query": 14, "format": "skyhook", "latency": 13.175826787948608}, {"query": 14, "format": "skyhook", "latency": 12.784777402877808}, {"query": 14, "format": "skyhook", "latency": 11.72896695137024}, {"query": 14, "format": "skyhook", "latency": 13.064087867736816}, {"query": 14, "format": "skyhook", "latency": 12.710315227508545}, {"query": 14, "format": "skyhook", "latency": 12.925541877746582}, {"query": 14, "format": "skyhook", "latency": 12.77716326713562}, {"query": 14, "format": "skyhook", "latency": 13.480479717254639}]