[{"query": 11, "format": "skyhook", "latency": 13.415542840957642}, {"query": 11, "format": "skyhook", "latency": 16.828080654144287}, {"query": 11, "format": "skyhook", "latency": 11.576682567596436}, {"query": 11, "format": "skyhook", "latency": 11.847251653671265}, {"query": 11, "format": "skyhook", "latency": 11.873978614807129}, {"query": 11, "format": "skyhook", "latency": 12.432012796401978}, {"query": 11, "format": "skyhook", "latency": 11.678692817687988}, {"query": 11, "format": "skyhook", "latency": 9.497450351715088}, {"query": 11, "format": "skyhook", "latency": 11.181636810302734}, {"query": 11, "format": "skyhook", "latency": 12.246756792068481}]