[{"query": 12, "format": "skyhook", "latency": 19.63247847557068}, {"query": 12, "format": "skyhook", "latency": 30.135439157485962}, {"query": 12, "format": "skyhook", "latency": 35.84198236465454}, {"query": 12, "format": "skyhook", "latency": 19.445435047149658}, {"query": 12, "format": "skyhook", "latency": 30.189650535583496}, {"query": 12, "format": "skyhook", "latency": 19.50806760787964}, {"query": 12, "format": "skyhook", "latency": 29.42048668861389}, {"query": 12, "format": "skyhook", "latency": 19.594128370285034}, {"query": 12, "format": "skyhook", "latency": 19.31056547164917}, {"query": 12, "format": "skyhook", "latency": 29.26796531677246}]