[{"query": 21, "format": "parquet", "latency": 118.20569372177124}, {"query": 21, "format": "parquet", "latency": 76.2518036365509}, {"query": 21, "format": "parquet", "latency": 112.85389924049377}, {"query": 21, "format": "parquet", "latency": 74.39133143424988}, {"query": 21, "format": "parquet", "latency": 75.6966917514801}, {"query": 21, "format": "parquet", "latency": 87.40725898742676}, {"query": 21, "format": "parquet", "latency": 111.66727757453918}, {"query": 21, "format": "parquet", "latency": 70.88501501083374}, {"query": 21, "format": "parquet", "latency": 120.73979115486145}, {"query": 21, "format": "parquet", "latency": 71.09583115577698}]