[{"query": 7, "format": "skyhook", "latency": 161.53838396072388}, {"query": 7, "format": "skyhook", "latency": 99.9749059677124}, {"query": 7, "format": "skyhook", "latency": 128.17360281944275}, {"query": 7, "format": "skyhook", "latency": 29.284351348876953}, {"query": 7, "format": "skyhook", "latency": 63.707311391830444}, {"query": 7, "format": "skyhook", "latency": 95.99969935417175}, {"query": 7, "format": "skyhook", "latency": 98.27591323852539}, {"query": 7, "format": "skyhook", "latency": 40.752724409103394}, {"query": 7, "format": "skyhook", "latency": 31.614575624465942}, {"query": 7, "format": "skyhook", "latency": 137.40729188919067}]