[{"query": 12, "format": "parquet", "latency": 35.55731225013733}, {"query": 12, "format": "parquet", "latency": 27.20909833908081}, {"query": 12, "format": "parquet", "latency": 29.38201928138733}, {"query": 12, "format": "parquet", "latency": 29.29941487312317}, {"query": 12, "format": "parquet", "latency": 29.008722066879272}, {"query": 12, "format": "parquet", "latency": 29.910866260528564}, {"query": 12, "format": "parquet", "latency": 31.180796146392822}, {"query": 12, "format": "parquet", "latency": 33.27702569961548}, {"query": 12, "format": "parquet", "latency": 27.43240714073181}, {"query": 12, "format": "parquet", "latency": 33.53391933441162}]