[{"query": 6, "format": "parquet", "latency": 10.778187990188599}, {"query": 6, "format": "parquet", "latency": 10.069655179977417}, {"query": 6, "format": "parquet", "latency": 9.809554100036621}, {"query": 6, "format": "parquet", "latency": 10.017802000045776}, {"query": 6, "format": "parquet", "latency": 9.985532999038696}, {"query": 6, "format": "parquet", "latency": 9.867904424667358}, {"query": 6, "format": "parquet", "latency": 9.881208181381226}, {"query": 6, "format": "parquet", "latency": 9.765999794006348}, {"query": 6, "format": "parquet", "latency": 9.94325876235962}, {"query": 6, "format": "parquet", "latency": 9.866780996322632}]