[{"query": 22, "format": "skyhook", "latency": 16.325098991394043}, {"query": 22, "format": "skyhook", "latency": 20.190118312835693}, {"query": 22, "format": "skyhook", "latency": 16.488722801208496}, {"query": 22, "format": "skyhook", "latency": 23.040032386779785}, {"query": 22, "format": "skyhook", "latency": 16.205580472946167}, {"query": 22, "format": "skyhook", "latency": 16.16669726371765}, {"query": 22, "format": "skyhook", "latency": 14.21957516670227}, {"query": 22, "format": "skyhook", "latency": 23.470860958099365}, {"query": 22, "format": "skyhook", "latency": 17.0323429107666}, {"query": 22, "format": "skyhook", "latency": 13.652315616607666}]