[{"query": 2, "format": "skyhook", "latency": 47.95500731468201}, {"query": 2, "format": "skyhook", "latency": 7.794494867324829}, {"query": 2, "format": "skyhook", "latency": 7.659850597381592}, {"query": 2, "format": "skyhook", "latency": 32.909388065338135}, {"query": 2, "format": "skyhook", "latency": 36.04233407974243}, {"query": 2, "format": "skyhook", "latency": 25.26747465133667}, {"query": 2, "format": "skyhook", "latency": 7.65755820274353}, {"query": 2, "format": "skyhook", "latency": 24.675751447677612}, {"query": 2, "format": "skyhook", "latency": 11.272961139678955}, {"query": 2, "format": "skyhook", "latency": 7.637006998062134}]