[{"query": 13, "format": "skyhook", "latency": 28.86959147453308}, {"query": 13, "format": "skyhook", "latency": 31.71246600151062}, {"query": 13, "format": "skyhook", "latency": 59.48223519325256}, {"query": 13, "format": "skyhook", "latency": 16.44758939743042}, {"query": 13, "format": "skyhook", "latency": 26.854806423187256}, {"query": 13, "format": "skyhook", "latency": 32.88635802268982}, {"query": 13, "format": "skyhook", "latency": 16.820603609085083}, {"query": 13, "format": "skyhook", "latency": 28.085521459579468}, {"query": 13, "format": "skyhook", "latency": 26.243177890777588}, {"query": 13, "format": "skyhook", "latency": 16.373081922531128}]