[{"query": 17, "format": "skyhook", "latency": 41.436970472335815}, {"query": 17, "format": "skyhook", "latency": 24.57838726043701}, {"query": 17, "format": "skyhook", "latency": 97.42833685874939}, {"query": 17, "format": "skyhook", "latency": 90.4880530834198}, {"query": 17, "format": "skyhook", "latency": 92.74148297309875}, {"query": 17, "format": "skyhook", "latency": 74.56587505340576}, {"query": 17, "format": "skyhook", "latency": 110.18081331253052}, {"query": 17, "format": "skyhook", "latency": 73.72858476638794}, {"query": 17, "format": "skyhook", "latency": 39.2077579498291}, {"query": 17, "format": "skyhook", "latency": 104.72785091400146}]