[{"query": 15, "format": "parquet", "latency": 24.2357075214386}, {"query": 15, "format": "parquet", "latency": 22.394366979599}, {"query": 15, "format": "parquet", "latency": 22.240406274795532}, {"query": 15, "format": "parquet", "latency": 22.00995922088623}, {"query": 15, "format": "parquet", "latency": 22.112772703170776}, {"query": 15, "format": "parquet", "latency": 22.03876829147339}, {"query": 15, "format": "parquet", "latency": 22.605440378189087}, {"query": 15, "format": "parquet", "latency": 22.058717489242554}, {"query": 15, "format": "parquet", "latency": 22.09691309928894}, {"query": 15, "format": "parquet", "latency": 22.64422631263733}]