[{"query": 18, "format": "parquet", "latency": 41.42198038101196}, {"query": 18, "format": "parquet", "latency": 24.20311713218689}, {"query": 18, "format": "parquet", "latency": 27.3305447101593}, {"query": 18, "format": "parquet", "latency": 23.362854957580566}, {"query": 18, "format": "parquet", "latency": 23.692433834075928}, {"query": 18, "format": "parquet", "latency": 26.242030382156372}, {"query": 18, "format": "parquet", "latency": 29.281436443328857}, {"query": 18, "format": "parquet", "latency": 23.737854719161987}, {"query": 18, "format": "parquet", "latency": 25.6933376789093}, {"query": 18, "format": "parquet", "latency": 25.724324226379395}]