[{"query": 3, "format": "skyhook", "latency": 41.050071477890015}, {"query": 3, "format": "skyhook", "latency": 38.405051469802856}, {"query": 3, "format": "skyhook", "latency": 25.598587036132812}, {"query": 3, "format": "skyhook", "latency": 36.73651456832886}, {"query": 3, "format": "skyhook", "latency": 24.47685194015503}, {"query": 3, "format": "skyhook", "latency": 34.713412046432495}, {"query": 3, "format": "skyhook", "latency": 34.990333557128906}, {"query": 3, "format": "skyhook", "latency": 36.722970485687256}, {"query": 3, "format": "skyhook", "latency": 51.525240421295166}, {"query": 3, "format": "skyhook", "latency": 41.192460775375366}]