[{"query": 16, "format": "parquet", "latency": 19.99839758872986}, {"query": 16, "format": "parquet", "latency": 20.280121564865112}, {"query": 16, "format": "parquet", "latency": 18.10379123687744}, {"query": 16, "format": "parquet", "latency": 18.270414113998413}, {"query": 16, "format": "parquet", "latency": 17.793947458267212}, {"query": 16, "format": "parquet", "latency": 17.716472148895264}, {"query": 16, "format": "parquet", "latency": 17.950165510177612}, {"query": 16, "format": "parquet", "latency": 16.88737988471985}, {"query": 16, "format": "parquet", "latency": 17.526429891586304}, {"query": 16, "format": "parquet", "latency": 16.704060554504395}]