[{"query": 19, "format": "skyhook", "latency": 30.455533266067505}, {"query": 19, "format": "skyhook", "latency": 30.432486534118652}, {"query": 19, "format": "skyhook", "latency": 30.640974760055542}, {"query": 19, "format": "skyhook", "latency": 30.22506618499756}, {"query": 19, "format": "skyhook", "latency": 30.16057586669922}, {"query": 19, "format": "skyhook", "latency": 30.03932023048401}, {"query": 19, "format": "skyhook", "latency": 30.288342714309692}, {"query": 19, "format": "skyhook", "latency": 30.16578221321106}, {"query": 19, "format": "skyhook", "latency": 30.08756375312805}, {"query": 19, "format": "skyhook", "latency": 30.271772861480713}]