[{"query": 21, "format": "skyhook", "latency": 129.44157576560974}, {"query": 21, "format": "skyhook", "latency": 101.88435316085815}, {"query": 21, "format": "skyhook", "latency": 101.79682636260986}, {"query": 21, "format": "skyhook", "latency": 99.65415334701538}, {"query": 21, "format": "skyhook", "latency": 85.18060207366943}, {"query": 21, "format": "skyhook", "latency": 95.42957663536072}, {"query": 21, "format": "skyhook", "latency": 84.10643458366394}, {"query": 21, "format": "skyhook", "latency": 81.61927056312561}, {"query": 21, "format": "skyhook", "latency": 97.39191102981567}, {"query": 21, "format": "skyhook", "latency": 104.79075264930725}]