[{"query": 2, "format": "parquet", "latency": 6.2372825145721436}, {"query": 2, "format": "parquet", "latency": 4.818251848220825}, {"query": 2, "format": "parquet", "latency": 4.495410203933716}, {"query": 2, "format": "parquet", "latency": 4.541198015213013}, {"query": 2, "format": "parquet", "latency": 4.482679128646851}, {"query": 2, "format": "parquet", "latency": 4.445462226867676}, {"query": 2, "format": "parquet", "latency": 4.644765615463257}, {"query": 2, "format": "parquet", "latency": 4.341554164886475}, {"query": 2, "format": "parquet", "latency": 4.545922040939331}, {"query": 2, "format": "parquet", "latency": 4.337151050567627}]